vendor_name,Trip_Pickup_DateTime,Trip_Dropoff_DateTime,Passenger_Count,Trip_Distance,Start_Lon,Start_Lat,Rate_Code,store_and_forward,End_Lon,End_Lat,Payment_Type,Fare_Amt,surcharge,mta_tax,Tip_Amt,Tolls_Amt,Total_Amt
VTS,2009-01-04 02:52:00,2009-01-04 03:02:00,1,2.6299999999999999,-73.991956999999999,40.721567,,,-73.993803,40.695922000000003,CASH,8.9000000000000004,0.5,,0,0,9.4000000000000004
VTS,2009-01-04 03:31:00,2009-01-04 03:38:00,3,4.5499999999999998,-73.982101999999998,40.736289999999997,,,-73.955849999999998,40.768030000000003,Credit,12.1,0.5,,2,0,14.6
VTS,2009-01-03 15:43:00,2009-01-03 15:57:00,5,10.35,-74.002587000000005,40.739747999999999,,,-73.869983000000005,40.770225000000003,Credit,23.699999999999999,0,,4.7400000000000002,0,28.440000000000001
DDS,2009-02-03 08:25:00,2009-02-03 08:33:39,1,1.6000000000000001,-73.992767999999998,40.758324999999999,,,-73.994709999999998,40.739722999999998,CASH,6.9000000000000004,0,,0,0,6.9000000000000004
VTS,2009-02-28 00:26:00,2009-02-28 00:40:00,5,3.0499999999999998,0,0,,,0,0,CASH,10.5,0.5,,0,0,11
DDS,2009-02-22 00:39:23,2009-02-22 00:45:52,1,1.5,-73.137393000000003,41.366137999999999,,,-73.137393000000003,41.366137999999999,CASH,5.7000000000000002,0.5,,0,0,6.2000000000000002
CMT,2009-03-26 15:30:14,2009-03-26 15:33:45,1,0.29999999999999999,-73.970708999999999,40.796382000000001,,0,-73.973602,40.792057999999997,Cash,4.0999999999999996,0,,0,0,4.0999999999999996
CMT,2009-03-07 00:09:04,2009-03-07 00:16:06,1,1.6000000000000001,-74.007315000000006,40.739964000000001,,,-74.004716999999999,40.751879000000002,Cash,7,0,,0,0,7
DDS,2009-03-11 19:49:43,2009-03-11 20:00:51,1,2,-73.976375000000004,40.756729,,,-73.954438999999994,40.767204999999997,CASH,8.0999999999999996,0.5,,0,0,8.5999999999999996
VTS,2009-04-08 12:19:00,2009-04-08 12:24:00,1,0.48999999999999999,-73.974467000000004,40.760793,,,-73.966769999999997,40.757057000000003,CASH,4.0999999999999996,0,,0,0,4.0999999999999996
VTS,2009-04-08 15:20:00,2009-04-08 15:28:00,1,1.05,-73.978527999999997,40.753472000000002,,,-73.981245000000001,40.76549,Credit,6.0999999999999996,0,,0.90000000000000002,0,7
VTS,2009-04-06 21:31:00,2009-04-06 21:35:00,1,1.1399999999999999,-73.995800000000003,40.738933000000003,,,-74.002082999999999,40.747672000000001,Credit,5.2999999999999998,0.5,,1.5,0,7.2999999999999998
CMT,2009-05-27 07:41:05,2009-05-27 07:42:28,1,0.29999999999999999,-73.974104999999994,40.742891999999998,,0,-73.973769000000004,40.746405000000003,Credit,3.2999999999999998,0,,1,0,4.2999999999999998
CMT,2009-05-27 07:51:06,2009-05-27 07:58:43,1,1.8999999999999999,-74.008148000000006,40.738854000000003,,0,-74.015637999999996,40.714536000000003,Cash,7.2999999999999998,0,,0,0,7.2999999999999998
DDS,2009-05-15 15:22:02,2009-05-15 15:30:15,3,1.3999999999999999,-73.973343,40.764046999999998,,,-73.952663000000001,40.769894999999998,CREDIT,6.0999999999999996,0,,1,0,7.0999999999999996
VTS,2009-06-14 23:23:00,2009-06-14 23:48:00,1,17.52,-73.787441999999999,40.641525000000001,,,-73.980072000000007,40.742963000000003,Credit,45,0,,9,4.1500000000000004,58.149999999999999
VTS,2009-06-18 17:35:00,2009-06-18 17:43:00,1,1.5600000000000001,-74.009766999999997,40.722065000000001,,,-74.005697999999995,40.740186999999999,Credit,6.5,1,,1,0,8.5
VTS,2009-06-10 18:08:00,2009-06-10 18:27:00,5,3.3700000000000001,-73.983037999999993,40.761944999999997,,,-74.004745,40.718043000000002,Credit,12.5,1,,2,0,15.5
VTS,2009-07-15 17:39:00,2009-07-15 17:46:00,1,1.3200000000000001,-73.999132000000003,40.726542000000002,,,-73.984907000000007,40.736347000000002,Credit,6.0999999999999996,1,,1,0,8.0999999999999996
VTS,2009-07-15 19:22:00,2009-07-15 19:27:00,1,1.03,-73.972234999999998,40.782170000000001,,,-73.958948000000007,40.778083000000002,CASH,5.2999999999999998,1,,0,0,6.2999999999999998
VTS,2009-07-15 13:22:00,2009-07-15 13:35:00,1,1.53,-73.973804999999999,40.756858000000001,,,-73.98733,40.738387000000003,CASH,8.5,0,,0,0,8.5
VTS,2009-08-12 07:28:00,2009-08-12 07:36:00,1,1.8,0,0,,,0,0,CASH,6.9000000000000004,0,,0,0,6.9000000000000004
VTS,2009-08-12 12:03:00,2009-08-12 12:06:00,2,0.28000000000000003,-73.964567000000002,40.772906999999996,,,-73.962715000000003,40.770712000000003,CASH,3.2999999999999998,0,,0,0,3.2999999999999998
VTS,2009-08-12 17:42:00,2009-08-12 17:56:00,1,2.2400000000000002,-73.949727999999993,40.784520000000001,,,-73.968270000000004,40.759954999999998,CASH,9.6999999999999993,1,,0,0,10.699999999999999
VTS,2009-09-24 09:00:00,2009-09-24 09:29:00,1,10.23,-73.978967999999995,40.766173000000002,,,-73.872268000000005,40.774529999999999,CASH,26.5,0,,0,4.5700000000000003,31.07
VTS,2009-09-26 13:40:00,2009-09-26 13:43:00,2,0.62,-73.993183000000002,40.727843,,,-73.989653000000004,40.734628000000001,CASH,4.0999999999999996,0,,0,0,4.0999999999999996
VTS,2009-09-26 14:19:00,2009-09-26 14:22:00,2,0.95999999999999996,-73.97748,40.750365000000002,,,-73.981227000000004,40.739615000000001,CASH,4.5,0,,0,0,4.5
VTS,2009-10-26 13:06:00,2009-10-26 13:17:00,5,2.02,-73.967241999999999,40.803224999999998,,,-73.957516999999996,40.783532999999998,CASH,8.0999999999999996,0,,0,0,8.0999999999999996
VTS,2009-10-27 22:12:00,2009-10-27 22:39:00,1,16.699999999999999,-73.783803000000006,40.648707999999999,,,-73.967056999999997,40.613641999999999,Credit,36.899999999999999,0.5,,7.4800000000000004,0,44.880000000000003
VTS,2009-10-26 11:30:00,2009-10-26 11:41:00,2,1.79,-73.969984999999994,40.752457,,,-73.989717999999996,40.746265000000001,CASH,7.7000000000000002,0,,0,0,7.7000000000000002
VTS,2009-11-23 16:19:00,2009-11-23 16:23:00,1,0.76000000000000001,-73.975326999999993,40.751015000000002,,,-73.983356999999998,40.745057000000003,CASH,4.5,1,0.5,0,0,6
VTS,2009-11-05 16:48:00,2009-11-05 16:56:00,5,1.6000000000000001,-73.992660000000001,40.753630000000001,,,-74.002908000000005,40.728558,CASH,6.5,1,0.5,0,0,8
VTS,2009-11-17 08:24:00,2009-11-17 08:31:00,1,1.28,-74.007536999999999,40.733597000000003,,,-73.993205000000003,40.742265000000003,CASH,6.0999999999999996,0,0.5,0,0,6.5999999999999996
VTS,2009-12-17 07:35:00,2009-12-17 07:40:00,1,0.11,-73.987927999999997,40.737884999999999,,,-73.990335000000002,40.748449999999998,Credit,4.9000000000000004,0,0.5,1,0,6.4000000000000004
VTS,2009-12-21 14:19:00,2009-12-21 14:24:00,1,1.0700000000000001,-73.956007999999997,40.779558000000002,,,-73.967303000000001,40.787832999999999,CASH,4.9000000000000004,0,0.5,0,0,5.4000000000000004
VTS,2009-12-18 03:09:00,2009-12-18 03:34:00,1,8.9800000000000004,-73.955744999999993,40.689503000000002,,,-73.937730000000002,40.737462999999998,CASH,23.699999999999999,0.5,0.5,0,0,24.699999999999999
VTS,2010-01-26 07:41:00,2010-01-26 07:45:00,1,0.75,-73.956778,40.767749999999999,1,,-73.965957000000003,40.765231999999997,CAS,4.5,0,0.5,0,0,5
DDS,2010-01-30 23:31:00,2010-01-30 23:46:12,1,5.9000000000000004,-73.996117999999996,40.763931999999997,1,,-73.981511999999995,40.741193000000003,CAS,15.300000000000001,0.5,0.5,0,0,16.300000000000001
DDS,2010-01-18 20:22:20,2010-01-18 20:38:12,1,4,-73.979673000000005,40.783790000000003,1,,-73.917851999999996,40.87856,CAS,11.699999999999999,0.5,0.5,0,0,12.699999999999999
CMT,2010-02-13 01:46:36,2010-02-13 01:50:06,1,0.5,-73.967575999999994,40.756357000000001,1,0,-73.961301000000006,40.760596,CRE,4.0999999999999996,0.5,0.5,1,0,6.0999999999999996
CMT,2010-02-13 21:50:04,2010-02-13 21:54:16,2,0.59999999999999998,-73.970890999999995,40.757593999999997,1,0,-73.962648000000002,40.761484000000003,CAS,4.5,0.5,0.5,0,0,5.5
CMT,2010-02-12 23:32:17,2010-02-12 23:51:48,1,5.7999999999999998,-73.940613999999997,40.711773999999998,1,0,-73.983735999999993,40.672331,NA ,16.899999999999999,0.5,0.5,0,0,17.899999999999999
CMT,2010-03-22 17:05:03,2010-03-22 17:22:51,1,3.2999999999999998,-74.007548999999997,40.743324999999999,1,0,-73.967719000000002,40.760955000000003,Cas,12.1,1,0.5,0,0,13.6
CMT,2010-03-22 19:24:29,2010-03-22 19:40:13,1,4.2999999999999998,-73.997759000000002,40.720905000000002,1,0,-73.984845000000007,40.768424000000003,Cas,12.5,1,0.5,0,0,14
CMT,2010-03-22 23:09:18,2010-03-22 23:15:44,1,1.3,-73.992647000000005,40.693818,1,0,-73.973204999999993,40.693209000000003,Cas,6.0999999999999996,0.5,0.5,0,0,7.0999999999999996
VTS,2010-04-11 20:09:00,2010-04-11 20:15:00,5,1.0900000000000001,-73.970226999999994,40.750458000000002,1,,-73.983491999999998,40.757097999999999,CAS,5.2999999999999998,0.5,0.5,0,0,6.2999999999999998
CMT,2010-04-13 11:39:22,2010-04-13 11:52:45,4,1.8,-73.968677999999997,40.764240999999998,1,0,-73.984857000000005,40.747708000000003,Cre,8.5,0,0.5,2.5800000000000001,0,11.58
VTS,2010-04-16 17:28:00,2010-04-16 17:32:00,4,0.33000000000000002,0,0,1,,0,0,Cre,3.7000000000000002,1,0.5,0.40999999999999998,0,5.6100000000000003
CMT,2010-05-28 21:09:20,2010-05-28 21:30:50,2,4.5999999999999996,-74.001684999999995,40.721344999999999,1,0,-73.958202999999997,40.769568,Cas,15.300000000000001,0.5,0.5,0,0,16.300000000000001
CMT,2010-05-28 15:58:09,2010-05-28 16:01:31,1,0.69999999999999996,-73.955654999999993,40.776583000000002,1,0,-73.947615999999996,40.782789999999999,Cas,4.0999999999999996,1,0.5,0,0,5.5999999999999996
CMT,2010-05-28 10:42:44,2010-05-28 10:46:14,1,0.40000000000000002,-73.987707999999998,40.775210000000001,1,0,-73.982101,40.775250999999997,Cas,3.7000000000000002,0,0.5,0,0,4.2000000000000002
CMT,2010-06-18 10:43:46,2010-06-18 11:22:12,4,20,-73.972893999999997,40.792810000000003,2,0,-73.776308,40.645527999999999,Cas,45,0,0.5,0,4.5700000000000003,50.07
CMT,2010-06-26 15:02:57,2010-06-26 15:07:15,1,0.69999999999999996,-73.987814999999998,40.748480000000001,1,0,-73.977535000000003,40.753880000000002,Cas,4.5,0,0.5,0,0,5
CMT,2010-06-24 07:36:37,2010-06-24 07:43:29,1,1,-74.006496999999996,40.732920999999997,1,0,-73.998121999999995,40.725982000000002,Cas,5.7000000000000002,0,0.5,0,0,6.2000000000000002
VTS,2010-07-22 09:44:00,2010-07-22 09:55:00,1,1.04,-73.974005000000005,40.754170000000002,1,,-73.986396999999997,40.757852999999997,CAS,6.9000000000000004,0,0.5,0,0,7.4000000000000004
VTS,2010-07-08 15:15:00,2010-07-08 15:33:00,1,5.1100000000000003,-73.995807999999997,40.761200000000002,1,,-73.995807999999997,40.761200000000002,Cre,14.1,0,0.5,3,0,17.600000000000001
VTS,2010-07-30 11:36:00,2010-07-30 11:53:00,1,3.98,-73.967287999999996,40.772407999999999,1,,-73.937271999999993,40.740600000000001,Cre,12.9,0,0.5,2,0,15.4
CMT,2010-08-25 16:55:54,2010-08-25 17:02:51,1,0.90000000000000002,-73.990554000000003,40.750067000000001,1,N,-73.984792999999996,40.748424,CSH,5.2999999999999998,1,0.5,0,0,6.7999999999999998
CMT,2010-08-25 16:49:27,2010-08-25 17:02:15,2,1.8,-73.960153000000005,40.766382,1,N,-73.980570999999998,40.765318000000001,CSH,8.5,1,0.5,0,0,10
CMT,2010-08-25 18:56:44,2010-08-25 19:03:56,2,1.8,-73.960911999999993,40.764876000000001,1,N,-73.971935999999999,40.743986999999997,CSH,7.2999999999999998,1,0.5,0,0,8.8000000000000007
VTS,2010-09-15 06:52:00,2010-09-15 06:56:00,1,0.39000000000000001,-73.981724999999997,40.763627,1,,-73.975279999999998,40.761040000000001,CSH,3.7000000000000002,0,0.5,0,0,4.2000000000000002
VTS,2010-09-13 10:21:00,2010-09-13 10:34:00,1,1.48,-73.981769999999997,40.745294999999999,1,,-73.992272999999997,40.764130000000002,CSH,8.0999999999999996,0,0.5,0,0,8.5999999999999996
VTS,2010-09-13 11:50:00,2010-09-13 11:59:00,1,1.3700000000000001,-73.974164999999999,40.750149999999998,1,,-73.948047000000003,40.781815000000002,CSH,6.9000000000000004,0,0.5,0,0,7.4000000000000004
CMT,2010-10-01 04:04:02,2010-10-01 04:08:31,1,0.59999999999999998,-73.981667999999999,40.763660999999999,1,N,-73.991517999999999,40.760421999999998,CSH,4.5,0.5,0.5,0,0,5.5
CMT,2010-10-01 02:46:21,2010-10-01 02:54:31,1,2.5,-74.004524000000004,40.722785000000002,1,N,-73.989923000000005,40.751826999999999,CSH,8.0999999999999996,0.5,0.5,0,0,9.0999999999999996
CMT,2010-10-01 04:55:37,2010-10-01 04:55:43,1,0,-73.994984000000002,40.761136,1,N,-73.994984000000002,40.761136,CSH,2.5,0.5,0.5,0,0,3.5
VTS,2010-11-01 05:13:00,2010-11-01 05:13:00,1,0,-73.980031999999994,40.734887000000001,1,,-73.980000000000004,40.734915000000001,CSH,2.5,0.5,0.5,0,0,3.5
VTS,2010-11-05 00:44:00,2010-11-05 00:59:00,1,3.9199999999999999,-73.990290000000002,40.719571999999999,1,,-73.988017999999997,40.763367000000002,CRD,11.699999999999999,0.5,0.5,4,0,16.699999999999999
VTS,2010-11-05 19:01:00,2010-11-05 19:28:00,5,3.8999999999999999,-73.959298000000004,40.781056999999997,1,,-73.995517000000007,40.733393,CRD,15.300000000000001,1,0.5,3,0,19.800000000000001
VTS,2010-12-03 00:22:00,2010-12-03 00:30:00,1,1.99,-73.982186999999996,40.768090000000001,1,,-73.996224999999995,40.74306,CSH,7.2999999999999998,0.5,0.5,0,0,8.3000000000000007
VTS,2010-12-05 01:37:00,2010-12-05 01:41:00,1,0.78000000000000003,-73.986397999999994,40.729621999999999,1,,-73.981219999999993,40.736362,CRD,4.0999999999999996,0.5,0.5,1,0,6.0999999999999996
VTS,2010-12-01 12:14:00,2010-12-01 12:36:00,2,2.0600000000000001,-73.996944999999997,40.737186999999999,1,,-73.975430000000003,40.757272,CSH,11.699999999999999,0,0.5,0,0,12.199999999999999
CMT,2011-01-29 02:38:35,2011-01-29 02:47:07,1,1.2,-74.005253999999994,40.729084,1,N,-73.988697000000002,40.727127000000003,CSH,6.0999999999999996,0.5,0.5,0,0,7.0999999999999996
CMT,2011-01-28 10:38:19,2011-01-28 10:42:18,1,0.40000000000000002,-73.968585000000004,40.759171000000002,1,N,-73.964336000000003,40.764665000000001,CSH,4.0999999999999996,0,0.5,0,0,4.5999999999999996
CMT,2011-01-28 23:49:58,2011-01-28 23:57:44,3,1.2,-73.980710000000002,40.74239,1,N,-73.987027999999995,40.729531999999999,CSH,6.0999999999999996,0.5,0.5,0,0,7.0999999999999996
VTS,2011-02-04 15:07:00,2011-02-04 15:21:00,1,1.71,-73.991254999999995,40.770252999999997,1,,-73.965774999999994,40.766098,CSH,9.3000000000000007,0,0.5,0,0,9.8000000000000007
VTS,2011-02-04 14:40:00,2011-02-04 14:51:00,5,1.6399999999999999,-73.991849999999999,40.759388000000001,1,,-73.974812,40.761136999999998,CRD,7.7000000000000002,0,0.5,0.80000000000000004,0,9
VTS,2011-02-04 14:08:00,2011-02-04 14:21:00,1,1.3100000000000001,-73.976042000000007,40.791378000000002,1,,-73.988321999999997,40.774658000000002,CSH,8.0999999999999996,0,0.5,0,0,8.5999999999999996
CMT,2011-03-12 23:13:52,2011-03-12 23:18:15,3,0.80000000000000004,-73.996350000000007,40.744394999999997,1,N,-73.990414000000001,40.736776999999996,CSH,4.5,0.5,0.5,0,0,5.5
CMT,2011-03-12 23:07:00,2011-03-12 23:14:06,1,0,-74.001082307513997,40.731597151667003,1,N,-73.984950314171002,40.728027452848998,CSH,5.2999999999999998,0.5,0.5,0,0,6.2999999999999998
CMT,2011-03-12 20:53:37,2011-03-12 21:22:09,1,0,-73.999968939398002,40.761392476975999,1,N,-74.036639021181998,40.624900827201003,CSH,28.899999999999999,0.5,0.5,0,4.7999999999999998,34.700000000000003
VTS,2011-04-29 05:50:00,2011-04-29 05:55:00,1,2.1499999999999999,-73.940545,40.834910000000001,1,,-73.942723000000001,40.811692000000001,CSH,6.9000000000000004,0.5,0.5,0,0,7.9000000000000004
VTS,2011-04-25 09:13:00,2011-04-25 09:25:00,1,2.3900000000000001,-73.957881999999998,40.773792999999998,1,,-73.981958000000006,40.76717,CRD,8.9000000000000004,0,0.5,1,0,10.4
VTS,2011-04-29 04:01:00,2011-04-29 04:07:00,1,1.45,-73.983530000000002,40.749833000000002,1,,-73.987070000000003,40.763482000000003,CRD,5.7000000000000002,0.5,0.5,2,0,8.6999999999999993
CMT,2011-05-13 20:48:53,2011-05-13 20:59:28,1,0,-73.974574670875,40.750450184117,1,N,-73.942594948377007,39.610568217374997,CRD,9.3000000000000007,0.5,0.5,2.0499999999999998,0,12.35
CMT,2011-05-13 20:51:55,2011-05-13 20:54:49,2,0.40000000000000002,-73.998858999999996,40.739082000000003,1,N,-73.998960999999994,40.734786,CRD,3.7000000000000002,0.5,0.5,0.93999999999999995,0,5.6399999999999997
CMT,2011-05-13 20:44:59,2011-05-13 20:53:51,1,1.3999999999999999,-73.991577000000007,40.726658999999998,1,N,-73.977538999999993,40.743837999999997,CRD,6.9000000000000004,0.5,0.5,1.5800000000000001,0,9.4800000000000004
CMT,2011-06-15 17:50:28,2011-06-15 18:11:32,1,1.1000000000000001,-73.967978000000002,40.753256,1,N,-73.983118000000005,40.756233000000002,CSH,10.9,1,0.5,0,0,12.4
CMT,2011-06-16 15:24:41,2011-06-16 15:28:41,1,0.69999999999999996,-73.999369000000002,40.739030999999997,1,N,-74.001597000000004,40.729320000000001,CSH,4.5,0,0.5,0,0,5
CMT,2011-06-15 22:46:41,2011-06-15 22:49:09,0,0.59999999999999998,-74.004099999999994,40.747799999999998,1,N,-73.997799999999998,40.756500000000003,CSH,4.0999999999999996,0.5,0.5,0,0,5.0999999999999996
CMT,2011-07-12 07:12:05,2011-07-12 07:17:59,1,2,-73.980599999999995,40.733699999999999,1,N,-73.968900000000005,40.7577,CRD,6.9000000000000004,0,0.5,1.8500000000000001,0,9.25
CMT,2011-07-12 10:28:50,2011-07-12 10:47:54,1,7.7000000000000002,-73.970352000000005,40.761975,1,N,-74.014159000000006,40.715893999999999,CRD,20.5,0,0.5,4.2000000000000002,0,25.199999999999999
CMT,2011-07-10 22:33:29,2011-07-10 22:43:53,1,2.2000000000000002,-74.003992999999994,40.712986000000001,1,N,-74.008950999999996,40.738114000000003,CRD,8.5,0.5,0.5,1.8999999999999999,0,11.4
VTS,2011-08-03 21:31:00,2011-08-03 21:36:00,1,0.87,-73.991191999999998,40.754370000000002,1,,-73.978027999999995,40.751404999999998,CSH,4.9000000000000004,0.5,0.5,0,0,5.9000000000000004
VTS,2011-08-03 21:11:00,2011-08-03 21:35:00,2,5.0099999999999998,-73.994882000000004,40.728074999999997,1,,-73.978035000000006,40.773437999999999,CSH,15.699999999999999,0.5,0.5,0,0,16.699999999999999
CMT,2011-08-03 14:20:41,2011-08-03 14:28:44,1,1.3,-74.000567000000004,40.762041000000004,1,N,-73.983307999999994,40.762193000000003,CSH,6.5,0,0.5,0,0,7
CMT,2011-09-20 09:37:49,2011-09-20 10:28:24,1,6.2999999999999998,-73.934798000000001,40.801074999999997,1,N,-73.997643999999994,40.733114999999998,CRD,26.5,0,0.5,6.75,0,33.75
CMT,2011-09-20 09:41:28,2011-09-20 09:54:18,3,2.1000000000000001,-74.007786999999993,40.732129999999998,1,N,-74.001367000000002,40.756369999999997,CRD,8.9000000000000004,0,0.5,1.8799999999999999,0,11.279999999999999
CMT,2011-09-19 09:07:10,2011-09-19 09:23:50,1,2.2999999999999998,-73.955490999999995,40.788496000000002,1,N,-73.968012999999999,40.760489,CRD,10.1,0,0.5,2.6499999999999999,0,13.25
CMT,2011-10-12 22:46:46,2011-10-12 22:55:27,1,1.1000000000000001,-74.009445999999997,40.723418000000002,1,N,-74.010463999999999,40.709606000000001,CSH,6.5,0.5,0.5,0,0,7.5
CMT,2011-10-13 14:47:29,2011-10-13 14:55:11,1,1,-73.967309999999998,40.769387000000002,1,N,-73.972823000000005,40.760818999999998,CRD,5.7000000000000002,0,0.5,1.24,0,7.4400000000000004
CMT,2011-10-12 22:41:43,2011-10-12 23:07:32,1,5,-73.985799999999998,40.727699999999999,1,N,-73.955100000000002,40.678400000000003,CSH,17.300000000000001,0.5,0.5,0,0,18.300000000000001
VTS,2011-11-29 11:31:00,2011-11-29 11:47:00,1,2.0299999999999998,-73.977753000000007,40.751753000000001,1,,-73.960970000000003,40.779032999999998,CSH,9.3000000000000007,0,0.5,0,0,9.8000000000000007
VTS,2011-11-29 11:25:00,2011-11-29 11:44:00,2,2.8199999999999998,-73.982969999999995,40.768172999999997,1,,-73.948734999999999,40.773671999999998,CRD,11.699999999999999,0,0.5,2,0,14.199999999999999
VTS,2011-11-29 10:54:00,2011-11-29 11:39:00,1,4.4699999999999998,-74.002497000000005,40.714087999999997,1,,-73.971833000000004,40.754126999999997,CRD,22.899999999999999,0,0.5,0,0,23.399999999999999
CMT,2011-12-02 03:53:38,2011-12-02 03:57:56,1,0.80000000000000004,-73.971326000000005,40.762956000000003,1,N,-73.981921,40.765996999999999,CRD,4.9000000000000004,0.5,0.5,1.1799999999999999,0,7.0800000000000001
CMT,2011-12-02 04:16:44,2011-12-02 04:32:39,1,8.0999999999999996,-73.979975999999994,40.775965999999997,1,N,-73.919149000000004,40.833218000000002,CRD,20.100000000000001,0.5,0.5,2,0,23.100000000000001
CMT,2011-12-02 05:24:22,2011-12-02 05:33:33,1,2.3999999999999999,-73.982003000000006,40.728216000000003,1,N,-74.01003,40.721162,CRD,8.5,0.5,0.5,1,0,10.5
CMT,2012-01-10 23:55:50,2012-01-11 00:03:39,1,1.7,-73.994692999999998,40.725031000000001,1,N,-73.975950999999995,40.730781,CRD,6.9000000000000004,0.5,0.5,1,0,8.9000000000000004
CMT,2012-01-11 19:18:25,2012-01-11 19:26:10,1,1.1000000000000001,-73.987954999999999,40.752946999999999,1,N,-73.994532000000007,40.761040000000001,CSH,6.0999999999999996,1,0.5,0,0,7.5999999999999996
CMT,2012-01-11 19:19:19,2012-01-11 19:48:15,2,18,-73.783092999999994,40.64855,2,N,-73.996133999999998,40.747624000000002,CRD,45,0,0.5,10.06,4.7999999999999998,60.359999999999999
CMT,2012-02-09 14:48:06,2012-02-09 15:06:39,1,2.8999999999999999,-73.982767999999993,40.769174,1,N,-73.958792000000003,40.777842,CSH,12.1,0,0.5,0,0,12.6
CMT,2012-02-09 11:27:42,2012-02-09 11:48:16,0,3.6000000000000001,-73.960832999999994,40.771875000000001,1,N,-74.002697999999995,40.744864999999997,CRD,13.300000000000001,0,0.5,2,0,15.800000000000001
CMT,2012-02-09 11:29:01,2012-02-09 11:33:32,1,0.90000000000000002,-73.981459999999998,40.780616000000002,1,N,-73.973337999999998,40.791958000000001,CRD,5.2999999999999998,0,0.5,1.1599999999999999,0,6.96
CMT,2012-03-02 10:27:58,2012-03-02 10:48:01,1,2.7000000000000002,-73.999938999999998,40.728507,1,N,-73.979733999999993,40.761961999999997,CRD,12.1,0,0.5,1.5,0,14.1
CMT,2012-03-02 05:15:19,2012-03-02 05:19:07,1,1.7,-73.956940000000003,40.766632000000001,1,N,-73.970665999999994,40.753307,CRD,5.7000000000000002,0.5,0.5,1.6699999999999999,0,8.3699999999999992
CMT,2012-03-01 10:39:15,2012-03-01 10:57:24,1,2.3999999999999999,-74.008015,40.705443000000002,1,N,-73.986817000000002,40.701487,CRD,11.300000000000001,0,0.5,1,0,12.800000000000001
CMT,2012-04-30 08:36:20,2012-04-30 08:50:46,1,1.7,-73.991636,40.744104999999998,1,N,-73.974041999999997,40.760353000000002,CRD,9.3000000000000007,0,0.5,1.96,0,11.76
CMT,2012-04-30 08:27:28,2012-04-30 08:40:49,1,3.8999999999999999,-73.995558000000003,40.759816000000001,1,N,-74.009069999999994,40.713225999999999,CRD,12.1,0,0.5,2.52,0,15.119999999999999
CMT,2012-04-30 08:36:44,2012-04-30 08:59:17,1,6.0999999999999996,-73.978087000000002,40.748812999999998,1,N,-73.987418000000005,40.693491000000002,CRD,17.699999999999999,0,0.5,3.6400000000000001,0,21.84
VTS,2009-01-04 02:52:00,2009-01-04 03:02:00,1,2.6299999999999999,-73.991956999999999,40.721567,,,-73.993803,40.695922000000003,CASH,8.9000000000000004,0.5,,0,0,9.4000000000000004
VTS,2009-01-04 03:31:00,2009-01-04 03:38:00,3,4.5499999999999998,-73.982101999999998,40.736289999999997,,,-73.955849999999998,40.768030000000003,Credit,12.1,0.5,,2,0,14.6
VTS,2009-01-03 15:43:00,2009-01-03 15:57:00,5,10.35,-74.002587000000005,40.739747999999999,,,-73.869983000000005,40.770225000000003,Credit,23.699999999999999,0,,4.7400000000000002,0,28.440000000000001
DDS,2009-02-03 08:25:00,2009-02-03 08:33:39,1,1.6000000000000001,-73.992767999999998,40.758324999999999,,,-73.994709999999998,40.739722999999998,CASH,6.9000000000000004,0,,0,0,6.9000000000000004
VTS,2009-02-28 00:26:00,2009-02-28 00:40:00,5,3.0499999999999998,0,0,,,0,0,CASH,10.5,0.5,,0,0,11
DDS,2009-02-22 00:39:23,2009-02-22 00:45:52,1,1.5,-73.137393000000003,41.366137999999999,,,-73.137393000000003,41.366137999999999,CASH,5.7000000000000002,0.5,,0,0,6.2000000000000002
CMT,2009-03-26 15:30:14,2009-03-26 15:33:45,1,0.29999999999999999,-73.970708999999999,40.796382000000001,,0,-73.973602,40.792057999999997,Cash,4.0999999999999996,0,,0,0,4.0999999999999996
CMT,2009-03-07 00:09:04,2009-03-07 00:16:06,1,1.6000000000000001,-74.007315000000006,40.739964000000001,,,-74.004716999999999,40.751879000000002,Cash,7,0,,0,0,7
DDS,2009-03-11 19:49:43,2009-03-11 20:00:51,1,2,-73.976375000000004,40.756729,,,-73.954438999999994,40.767204999999997,CASH,8.0999999999999996,0.5,,0,0,8.5999999999999996
VTS,2009-04-08 12:19:00,2009-04-08 12:24:00,1,0.48999999999999999,-73.974467000000004,40.760793,,,-73.966769999999997,40.757057000000003,CASH,4.0999999999999996,0,,0,0,4.0999999999999996
VTS,2009-04-08 15:20:00,2009-04-08 15:28:00,1,1.05,-73.978527999999997,40.753472000000002,,,-73.981245000000001,40.76549,Credit,6.0999999999999996,0,,0.90000000000000002,0,7
VTS,2009-04-06 21:31:00,2009-04-06 21:35:00,1,1.1399999999999999,-73.995800000000003,40.738933000000003,,,-74.002082999999999,40.747672000000001,Credit,5.2999999999999998,0.5,,1.5,0,7.2999999999999998
CMT,2009-05-27 07:41:05,2009-05-27 07:42:28,1,0.29999999999999999,-73.974104999999994,40.742891999999998,,0,-73.973769000000004,40.746405000000003,Credit,3.2999999999999998,0,,1,0,4.2999999999999998
CMT,2009-05-27 07:51:06,2009-05-27 07:58:43,1,1.8999999999999999,-74.008148000000006,40.738854000000003,,0,-74.015637999999996,40.714536000000003,Cash,7.2999999999999998,0,,0,0,7.2999999999999998
DDS,2009-05-15 15:22:02,2009-05-15 15:30:15,3,1.3999999999999999,-73.973343,40.764046999999998,,,-73.952663000000001,40.769894999999998,CREDIT,6.0999999999999996,0,,1,0,7.0999999999999996
VTS,2009-06-14 23:23:00,2009-06-14 23:48:00,1,17.52,-73.787441999999999,40.641525000000001,,,-73.980072000000007,40.742963000000003,Credit,45,0,,9,4.1500000000000004,58.149999999999999
VTS,2009-06-18 17:35:00,2009-06-18 17:43:00,1,1.5600000000000001,-74.009766999999997,40.722065000000001,,,-74.005697999999995,40.740186999999999,Credit,6.5,1,,1,0,8.5
VTS,2009-06-10 18:08:00,2009-06-10 18:27:00,5,3.3700000000000001,-73.983037999999993,40.761944999999997,,,-74.004745,40.718043000000002,Credit,12.5,1,,2,0,15.5
VTS,2009-07-15 17:39:00,2009-07-15 17:46:00,1,1.3200000000000001,-73.999132000000003,40.726542000000002,,,-73.984907000000007,40.736347000000002,Credit,6.0999999999999996,1,,1,0,8.0999999999999996
VTS,2009-07-15 19:22:00,2009-07-15 19:27:00,1,1.03,-73.972234999999998,40.782170000000001,,,-73.958948000000007,40.778083000000002,CASH,5.2999999999999998,1,,0,0,6.2999999999999998
VTS,2009-07-15 13:22:00,2009-07-15 13:35:00,1,1.53,-73.973804999999999,40.756858000000001,,,-73.98733,40.738387000000003,CASH,8.5,0,,0,0,8.5
VTS,2009-08-12 07:28:00,2009-08-12 07:36:00,1,1.8,0,0,,,0,0,CASH,6.9000000000000004,0,,0,0,6.9000000000000004
VTS,2009-08-12 12:03:00,2009-08-12 12:06:00,2,0.28000000000000003,-73.964567000000002,40.772906999999996,,,-73.962715000000003,40.770712000000003,CASH,3.2999999999999998,0,,0,0,3.2999999999999998
VTS,2009-08-12 17:42:00,2009-08-12 17:56:00,1,2.2400000000000002,-73.949727999999993,40.784520000000001,,,-73.968270000000004,40.759954999999998,CASH,9.6999999999999993,1,,0,0,10.699999999999999
VTS,2009-09-24 09:00:00,2009-09-24 09:29:00,1,10.23,-73.978967999999995,40.766173000000002,,,-73.872268000000005,40.774529999999999,CASH,26.5,0,,0,4.5700000000000003,31.07
VTS,2009-09-26 13:40:00,2009-09-26 13:43:00,2,0.62,-73.993183000000002,40.727843,,,-73.989653000000004,40.734628000000001,CASH,4.0999999999999996,0,,0,0,4.0999999999999996
VTS,2009-09-26 14:19:00,2009-09-26 14:22:00,2,0.95999999999999996,-73.97748,40.750365000000002,,,-73.981227000000004,40.739615000000001,CASH,4.5,0,,0,0,4.5
VTS,2009-10-26 13:06:00,2009-10-26 13:17:00,5,2.02,-73.967241999999999,40.803224999999998,,,-73.957516999999996,40.783532999999998,CASH,8.0999999999999996,0,,0,0,8.0999999999999996
VTS,2009-10-27 22:12:00,2009-10-27 22:39:00,1,16.699999999999999,-73.783803000000006,40.648707999999999,,,-73.967056999999997,40.613641999999999,Credit,36.899999999999999,0.5,,7.4800000000000004,0,44.880000000000003
VTS,2009-10-26 11:30:00,2009-10-26 11:41:00,2,1.79,-73.969984999999994,40.752457,,,-73.989717999999996,40.746265000000001,CASH,7.7000000000000002,0,,0,0,7.7000000000000002
VTS,2009-11-23 16:19:00,2009-11-23 16:23:00,1,0.76000000000000001,-73.975326999999993,40.751015000000002,,,-73.983356999999998,40.745057000000003,CASH,4.5,1,0.5,0,0,6
VTS,2009-11-05 16:48:00,2009-11-05 16:56:00,5,1.6000000000000001,-73.992660000000001,40.753630000000001,,,-74.002908000000005,40.728558,CASH,6.5,1,0.5,0,0,8
VTS,2009-11-17 08:24:00,2009-11-17 08:31:00,1,1.28,-74.007536999999999,40.733597000000003,,,-73.993205000000003,40.742265000000003,CASH,6.0999999999999996,0,0.5,0,0,6.5999999999999996
VTS,2009-12-17 07:35:00,2009-12-17 07:40:00,1,0.11,-73.987927999999997,40.737884999999999,,,-73.990335000000002,40.748449999999998,Credit,4.9000000000000004,0,0.5,1,0,6.4000000000000004
VTS,2009-12-21 14:19:00,2009-12-21 14:24:00,1,1.0700000000000001,-73.956007999999997,40.779558000000002,,,-73.967303000000001,40.787832999999999,CASH,4.9000000000000004,0,0.5,0,0,5.4000000000000004
VTS,2009-12-18 03:09:00,2009-12-18 03:34:00,1,8.9800000000000004,-73.955744999999993,40.689503000000002,,,-73.937730000000002,40.737462999999998,CASH,23.699999999999999,0.5,0.5,0,0,24.699999999999999
VTS,2010-01-26 07:41:00,2010-01-26 07:45:00,1,0.75,-73.956778,40.767749999999999,1,,-73.965957000000003,40.765231999999997,CAS,4.5,0,0.5,0,0,5
DDS,2010-01-30 23:31:00,2010-01-30 23:46:12,1,5.9000000000000004,-73.996117999999996,40.763931999999997,1,,-73.981511999999995,40.741193000000003,CAS,15.300000000000001,0.5,0.5,0,0,16.300000000000001
DDS,2010-01-18 20:22:20,2010-01-18 20:38:12,1,4,-73.979673000000005,40.783790000000003,1,,-73.917851999999996,40.87856,CAS,11.699999999999999,0.5,0.5,0,0,12.699999999999999
CMT,2010-02-13 01:46:36,2010-02-13 01:50:06,1,0.5,-73.967575999999994,40.756357000000001,1,0,-73.961301000000006,40.760596,CRE,4.0999999999999996,0.5,0.5,1,0,6.0999999999999996
CMT,2010-02-13 21:50:04,2010-02-13 21:54:16,2,0.59999999999999998,-73.970890999999995,40.757593999999997,1,0,-73.962648000000002,40.761484000000003,CAS,4.5,0.5,0.5,0,0,5.5
CMT,2010-02-12 23:32:17,2010-02-12 23:51:48,1,5.7999999999999998,-73.940613999999997,40.711773999999998,1,0,-73.983735999999993,40.672331,NA ,16.899999999999999,0.5,0.5,0,0,17.899999999999999
CMT,2010-03-22 17:05:03,2010-03-22 17:22:51,1,3.2999999999999998,-74.007548999999997,40.743324999999999,1,0,-73.967719000000002,40.760955000000003,Cas,12.1,1,0.5,0,0,13.6
CMT,2010-03-22 19:24:29,2010-03-22 19:40:13,1,4.2999999999999998,-73.997759000000002,40.720905000000002,1,0,-73.984845000000007,40.768424000000003,Cas,12.5,1,0.5,0,0,14
CMT,2010-03-22 23:09:18,2010-03-22 23:15:44,1,1.3,-73.992647000000005,40.693818,1,0,-73.973204999999993,40.693209000000003,Cas,6.0999999999999996,0.5,0.5,0,0,7.0999999999999996
VTS,2010-04-11 20:09:00,2010-04-11 20:15:00,5,1.0900000000000001,-73.970226999999994,40.750458000000002,1,,-73.983491999999998,40.757097999999999,CAS,5.2999999999999998,0.5,0.5,0,0,6.2999999999999998
CMT,2010-04-13 11:39:22,2010-04-13 11:52:45,4,1.8,-73.968677999999997,40.764240999999998,1,0,-73.984857000000005,40.747708000000003,Cre,8.5,0,0.5,2.5800000000000001,0,11.58
VTS,2010-04-16 17:28:00,2010-04-16 17:32:00,4,0.33000000000000002,0,0,1,,0,0,Cre,3.7000000000000002,1,0.5,0.40999999999999998,0,5.6100000000000003
CMT,2010-05-28 21:09:20,2010-05-28 21:30:50,2,4.5999999999999996,-74.001684999999995,40.721344999999999,1,0,-73.958202999999997,40.769568,Cas,15.300000000000001,0.5,0.5,0,0,16.300000000000001
CMT,2010-05-28 15:58:09,2010-05-28 16:01:31,1,0.69999999999999996,-73.955654999999993,40.776583000000002,1,0,-73.947615999999996,40.782789999999999,Cas,4.0999999999999996,1,0.5,0,0,5.5999999999999996
CMT,2010-05-28 10:42:44,2010-05-28 10:46:14,1,0.40000000000000002,-73.987707999999998,40.775210000000001,1,0,-73.982101,40.775250999999997,Cas,3.7000000000000002,0,0.5,0,0,4.2000000000000002
CMT,2010-06-18 10:43:46,2010-06-18 11:22:12,4,20,-73.972893999999997,40.792810000000003,2,0,-73.776308,40.645527999999999,Cas,45,0,0.5,0,4.5700000000000003,50.07
CMT,2010-06-26 15:02:57,2010-06-26 15:07:15,1,0.69999999999999996,-73.987814999999998,40.748480000000001,1,0,-73.977535000000003,40.753880000000002,Cas,4.5,0,0.5,0,0,5
CMT,2010-06-24 07:36:37,2010-06-24 07:43:29,1,1,-74.006496999999996,40.732920999999997,1,0,-73.998121999999995,40.725982000000002,Cas,5.7000000000000002,0,0.5,0,0,6.2000000000000002
VTS,2010-07-22 09:44:00,2010-07-22 09:55:00,1,1.04,-73.974005000000005,40.754170000000002,1,,-73.986396999999997,40.757852999999997,CAS,6.9000000000000004,0,0.5,0,0,7.4000000000000004
VTS,2010-07-08 15:15:00,2010-07-08 15:33:00,1,5.1100000000000003,-73.995807999999997,40.761200000000002,1,,-73.995807999999997,40.761200000000002,Cre,14.1,0,0.5,3,0,17.600000000000001
VTS,2010-07-30 11:36:00,2010-07-30 11:53:00,1,3.98,-73.967287999999996,40.772407999999999,1,,-73.937271999999993,40.740600000000001,Cre,12.9,0,0.5,2,0,15.4
CMT,2010-08-25 16:55:54,2010-08-25 17:02:51,1,0.90000000000000002,-73.990554000000003,40.750067000000001,1,N,-73.984792999999996,40.748424,CSH,5.2999999999999998,1,0.5,0,0,6.7999999999999998
CMT,2010-08-25 16:49:27,2010-08-25 17:02:15,2,1.8,-73.960153000000005,40.766382,1,N,-73.980570999999998,40.765318000000001,CSH,8.5,1,0.5,0,0,10
CMT,2010-08-25 18:56:44,2010-08-25 19:03:56,2,1.8,-73.960911999999993,40.764876000000001,1,N,-73.971935999999999,40.743986999999997,CSH,7.2999999999999998,1,0.5,0,0,8.8000000000000007
VTS,2010-09-15 06:52:00,2010-09-15 06:56:00,1,0.39000000000000001,-73.981724999999997,40.763627,1,,-73.975279999999998,40.761040000000001,CSH,3.7000000000000002,0,0.5,0,0,4.2000000000000002
VTS,2010-09-13 10:21:00,2010-09-13 10:34:00,1,1.48,-73.981769999999997,40.745294999999999,1,,-73.992272999999997,40.764130000000002,CSH,8.0999999999999996,0,0.5,0,0,8.5999999999999996
VTS,2010-09-13 11:50:00,2010-09-13 11:59:00,1,1.3700000000000001,-73.974164999999999,40.750149999999998,1,,-73.948047000000003,40.781815000000002,CSH,6.9000000000000004,0,0.5,0,0,7.4000000000000004
CMT,2010-10-01 04:04:02,2010-10-01 04:08:31,1,0.59999999999999998,-73.981667999999999,40.763660999999999,1,N,-73.991517999999999,40.760421999999998,CSH,4.5,0.5,0.5,0,0,5.5
CMT,2010-10-01 02:46:21,2010-10-01 02:54:31,1,2.5,-74.004524000000004,40.722785000000002,1,N,-73.989923000000005,40.751826999999999,CSH,8.0999999999999996,0.5,0.5,0,0,9.0999999999999996
CMT,2010-10-01 04:55:37,2010-10-01 04:55:43,1,0,-73.994984000000002,40.761136,1,N,-73.994984000000002,40.761136,CSH,2.5,0.5,0.5,0,0,3.5
VTS,2010-11-01 05:13:00,2010-11-01 05:13:00,1,0,-73.980031999999994,40.734887000000001,1,,-73.980000000000004,40.734915000000001,CSH,2.5,0.5,0.5,0,0,3.5
VTS,2010-11-05 00:44:00,2010-11-05 00:59:00,1,3.9199999999999999,-73.990290000000002,40.719571999999999,1,,-73.988017999999997,40.763367000000002,CRD,11.699999999999999,0.5,0.5,4,0,16.699999999999999
VTS,2010-11-05 19:01:00,2010-11-05 19:28:00,5,3.8999999999999999,-73.959298000000004,40.781056999999997,1,,-73.995517000000007,40.733393,CRD,15.300000000000001,1,0.5,3,0,19.800000000000001
VTS,2010-12-03 00:22:00,2010-12-03 00:30:00,1,1.99,-73.982186999999996,40.768090000000001,1,,-73.996224999999995,40.74306,CSH,7.2999999999999998,0.5,0.5,0,0,8.3000000000000007
VTS,2010-12-05 01:37:00,2010-12-05 01:41:00,1,0.78000000000000003,-73.986397999999994,40.729621999999999,1,,-73.981219999999993,40.736362,CRD,4.0999999999999996,0.5,0.5,1,0,6.0999999999999996
VTS,2010-12-01 12:14:00,2010-12-01 12:36:00,2,2.0600000000000001,-73.996944999999997,40.737186999999999,1,,-73.975430000000003,40.757272,CSH,11.699999999999999,0,0.5,0,0,12.199999999999999
CMT,2011-01-29 02:38:35,2011-01-29 02:47:07,1,1.2,-74.005253999999994,40.729084,1,N,-73.988697000000002,40.727127000000003,CSH,6.0999999999999996,0.5,0.5,0,0,7.0999999999999996
CMT,2011-01-28 10:38:19,2011-01-28 10:42:18,1,0.40000000000000002,-73.968585000000004,40.759171000000002,1,N,-73.964336000000003,40.764665000000001,CSH,4.0999999999999996,0,0.5,0,0,4.5999999999999996
CMT,2011-01-28 23:49:58,2011-01-28 23:57:44,3,1.2,-73.980710000000002,40.74239,1,N,-73.987027999999995,40.729531999999999,CSH,6.0999999999999996,0.5,0.5,0,0,7.0999999999999996
VTS,2011-02-04 15:07:00,2011-02-04 15:21:00,1,1.71,-73.991254999999995,40.770252999999997,1,,-73.965774999999994,40.766098,CSH,9.3000000000000007,0,0.5,0,0,9.8000000000000007
VTS,2011-02-04 14:40:00,2011-02-04 14:51:00,5,1.6399999999999999,-73.991849999999999,40.759388000000001,1,,-73.974812,40.761136999999998,CRD,7.7000000000000002,0,0.5,0.80000000000000004,0,9
VTS,2011-02-04 14:08:00,2011-02-04 14:21:00,1,1.3100000000000001,-73.976042000000007,40.791378000000002,1,,-73.988321999999997,40.774658000000002,CSH,8.0999999999999996,0,0.5,0,0,8.5999999999999996
CMT,2011-03-12 23:13:52,2011-03-12 23:18:15,3,0.80000000000000004,-73.996350000000007,40.744394999999997,1,N,-73.990414000000001,40.736776999999996,CSH,4.5,0.5,0.5,0,0,5.5
CMT,2011-03-12 23:07:00,2011-03-12 23:14:06,1,0,-74.001082307513997,40.731597151667003,1,N,-73.984950314171002,40.728027452848998,CSH,5.2999999999999998,0.5,0.5,0,0,6.2999999999999998
CMT,2011-03-12 20:53:37,2011-03-12 21:22:09,1,0,-73.999968939398002,40.761392476975999,1,N,-74.036639021181998,40.624900827201003,CSH,28.899999999999999,0.5,0.5,0,4.7999999999999998,34.700000000000003
VTS,2011-04-29 05:50:00,2011-04-29 05:55:00,1,2.1499999999999999,-73.940545,40.834910000000001,1,,-73.942723000000001,40.811692000000001,CSH,6.9000000000000004,0.5,0.5,0,0,7.9000000000000004
VTS,2011-04-25 09:13:00,2011-04-25 09:25:00,1,2.3900000000000001,-73.957881999999998,40.773792999999998,1,,-73.981958000000006,40.76717,CRD,8.9000000000000004,0,0.5,1,0,10.4
VTS,2011-04-29 04:01:00,2011-04-29 04:07:00,1,1.45,-73.983530000000002,40.749833000000002,1,,-73.987070000000003,40.763482000000003,CRD,5.7000000000000002,0.5,0.5,2,0,8.6999999999999993
CMT,2011-05-13 20:48:53,2011-05-13 20:59:28,1,0,-73.974574670875,40.750450184117,1,N,-73.942594948377007,39.610568217374997,CRD,9.3000000000000007,0.5,0.5,2.0499999999999998,0,12.35
CMT,2011-05-13 20:51:55,2011-05-13 20:54:49,2,0.40000000000000002,-73.998858999999996,40.739082000000003,1,N,-73.998960999999994,40.734786,CRD,3.7000000000000002,0.5,0.5,0.93999999999999995,0,5.6399999999999997
CMT,2011-05-13 20:44:59,2011-05-13 20:53:51,1,1.3999999999999999,-73.991577000000007,40.726658999999998,1,N,-73.977538999999993,40.743837999999997,CRD,6.9000000000000004,0.5,0.5,1.5800000000000001,0,9.4800000000000004
CMT,2011-06-15 17:50:28,2011-06-15 18:11:32,1,1.1000000000000001,-73.967978000000002,40.753256,1,N,-73.983118000000005,40.756233000000002,CSH,10.9,1,0.5,0,0,12.4
CMT,2011-06-16 15:24:41,2011-06-16 15:28:41,1,0.69999999999999996,-73.999369000000002,40.739030999999997,1,N,-74.001597000000004,40.729320000000001,CSH,4.5,0,0.5,0,0,5
CMT,2011-06-15 22:46:41,2011-06-15 22:49:09,0,0.59999999999999998,-74.004099999999994,40.747799999999998,1,N,-73.997799999999998,40.756500000000003,CSH,4.0999999999999996,0.5,0.5,0,0,5.0999999999999996
CMT,2011-07-12 07:12:05,2011-07-12 07:17:59,1,2,-73.980599999999995,40.733699999999999,1,N,-73.968900000000005,40.7577,CRD,6.9000000000000004,0,0.5,1.8500000000000001,0,9.25
CMT,2011-07-12 10:28:50,2011-07-12 10:47:54,1,7.7000000000000002,-73.970352000000005,40.761975,1,N,-74.014159000000006,40.715893999999999,CRD,20.5,0,0.5,4.2000000000000002,0,25.199999999999999
CMT,2011-07-10 22:33:29,2011-07-10 22:43:53,1,2.2000000000000002,-74.003992999999994,40.712986000000001,1,N,-74.008950999999996,40.738114000000003,CRD,8.5,0.5,0.5,1.8999999999999999,0,11.4
VTS,2011-08-03 21:31:00,2011-08-03 21:36:00,1,0.87,-73.991191999999998,40.754370000000002,1,,-73.978027999999995,40.751404999999998,CSH,4.9000000000000004,0.5,0.5,0,0,5.9000000000000004
VTS,2011-08-03 21:11:00,2011-08-03 21:35:00,2,5.0099999999999998,-73.994882000000004,40.728074999999997,1,,-73.978035000000006,40.773437999999999,CSH,15.699999999999999,0.5,0.5,0,0,16.699999999999999
CMT,2011-08-03 14:20:41,2011-08-03 14:28:44,1,1.3,-74.000567000000004,40.762041000000004,1,N,-73.983307999999994,40.762193000000003,CSH,6.5,0,0.5,0,0,7
CMT,2011-09-20 09:37:49,2011-09-20 10:28:24,1,6.2999999999999998,-73.934798000000001,40.801074999999997,1,N,-73.997643999999994,40.733114999999998,CRD,26.5,0,0.5,6.75,0,33.75
CMT,2011-09-20 09:41:28,2011-09-20 09:54:18,3,2.1000000000000001,-74.007786999999993,40.732129999999998,1,N,-74.001367000000002,40.756369999999997,CRD,8.9000000000000004,0,0.5,1.8799999999999999,0,11.279999999999999
CMT,2011-09-19 09:07:10,2011-09-19 09:23:50,1,2.2999999999999998,-73.955490999999995,40.788496000000002,1,N,-73.968012999999999,40.760489,CRD,10.1,0,0.5,2.6499999999999999,0,13.25
CMT,2011-10-12 22:46:46,2011-10-12 22:55:27,1,1.1000000000000001,-74.009445999999997,40.723418000000002,1,N,-74.010463999999999,40.709606000000001,CSH,6.5,0.5,0.5,0,0,7.5
CMT,2011-10-13 14:47:29,2011-10-13 14:55:11,1,1,-73.967309999999998,40.769387000000002,1,N,-73.972823000000005,40.760818999999998,CRD,5.7000000000000002,0,0.5,1.24,0,7.4400000000000004
CMT,2011-10-12 22:41:43,2011-10-12 23:07:32,1,5,-73.985799999999998,40.727699999999999,1,N,-73.955100000000002,40.678400000000003,CSH,17.300000000000001,0.5,0.5,0,0,18.300000000000001
VTS,2011-11-29 11:31:00,2011-11-29 11:47:00,1,2.0299999999999998,-73.977753000000007,40.751753000000001,1,,-73.960970000000003,40.779032999999998,CSH,9.3000000000000007,0,0.5,0,0,9.8000000000000007
VTS,2011-11-29 11:25:00,2011-11-29 11:44:00,2,2.8199999999999998,-73.982969999999995,40.768172999999997,1,,-73.948734999999999,40.773671999999998,CRD,11.699999999999999,0,0.5,2,0,14.199999999999999
VTS,2011-11-29 10:54:00,2011-11-29 11:39:00,1,4.4699999999999998,-74.002497000000005,40.714087999999997,1,,-73.971833000000004,40.754126999999997,CRD,22.899999999999999,0,0.5,0,0,23.399999999999999
CMT,2011-12-02 03:53:38,2011-12-02 03:57:56,1,0.80000000000000004,-73.971326000000005,40.762956000000003,1,N,-73.981921,40.765996999999999,CRD,4.9000000000000004,0.5,0.5,1.1799999999999999,0,7.0800000000000001
CMT,2011-12-02 04:16:44,2011-12-02 04:32:39,1,8.0999999999999996,-73.979975999999994,40.775965999999997,1,N,-73.919149000000004,40.833218000000002,CRD,20.100000000000001,0.5,0.5,2,0,23.100000000000001
CMT,2011-12-02 05:24:22,2011-12-02 05:33:33,1,2.3999999999999999,-73.982003000000006,40.728216000000003,1,N,-74.01003,40.721162,CRD,8.5,0.5,0.5,1,0,10.5
CMT,2012-01-10 23:55:50,2012-01-11 00:03:39,1,1.7,-73.994692999999998,40.725031000000001,1,N,-73.975950999999995,40.730781,CRD,6.9000000000000004,0.5,0.5,1,0,8.9000000000000004
CMT,2012-01-11 19:18:25,2012-01-11 19:26:10,1,1.1000000000000001,-73.987954999999999,40.752946999999999,1,N,-73.994532000000007,40.761040000000001,CSH,6.0999999999999996,1,0.5,0,0,7.5999999999999996
CMT,2012-01-11 19:19:19,2012-01-11 19:48:15,2,18,-73.783092999999994,40.64855,2,N,-73.996133999999998,40.747624000000002,CRD,45,0,0.5,10.06,4.7999999999999998,60.359999999999999
CMT,2012-02-09 14:48:06,2012-02-09 15:06:39,1,2.8999999999999999,-73.982767999999993,40.769174,1,N,-73.958792000000003,40.777842,CSH,12.1,0,0.5,0,0,12.6
CMT,2012-02-09 11:27:42,2012-02-09 11:48:16,0,3.6000000000000001,-73.960832999999994,40.771875000000001,1,N,-74.002697999999995,40.744864999999997,CRD,13.300000000000001,0,0.5,2,0,15.800000000000001
CMT,2012-02-09 11:29:01,2012-02-09 11:33:32,1,0.90000000000000002,-73.981459999999998,40.780616000000002,1,N,-73.973337999999998,40.791958000000001,CRD,5.2999999999999998,0,0.5,1.1599999999999999,0,6.96
CMT,2012-03-02 10:27:58,2012-03-02 10:48:01,1,2.7000000000000002,-73.999938999999998,40.728507,1,N,-73.979733999999993,40.761961999999997,CRD,12.1,0,0.5,1.5,0,14.1
CMT,2012-03-02 05:15:19,2012-03-02 05:19:07,1,1.7,-73.956940000000003,40.766632000000001,1,N,-73.970665999999994,40.753307,CRD,5.7000000000000002,0.5,0.5,1.6699999999999999,0,8.3699999999999992
CMT,2012-03-01 10:39:15,2012-03-01 10:57:24,1,2.3999999999999999,-74.008015,40.705443000000002,1,N,-73.986817000000002,40.701487,CRD,11.300000000000001,0,0.5,1,0,12.800000000000001
CMT,2012-04-30 08:36:20,2012-04-30 08:50:46,1,1.7,-73.991636,40.744104999999998,1,N,-73.974041999999997,40.760353000000002,CRD,9.3000000000000007,0,0.5,1.96,0,11.76
CMT,2012-04-30 08:27:28,2012-04-30 08:40:49,1,3.8999999999999999,-73.995558000000003,40.759816000000001,1,N,-74.009069999999994,40.713225999999999,CRD,12.1,0,0.5,2.52,0,15.119999999999999
CMT,2012-04-30 08:36:44,2012-04-30 08:59:17,1,6.0999999999999996,-73.978087000000002,40.748812999999998,1,N,-73.987418000000005,40.693491000000002,CRD,17.699999999999999,0,0.5,3.6400000000000001,0,21.84
VTS,2012-05-07 10:32:00,2012-05-07 10:43:00,2,3.1499999999999999,-73.987179999999995,40.733179999999997,1,,-73.956118000000004,40.763562,CSH,10.1,0,0.5,0,0,10.6
VTS,2012-05-07 09:28:00,2012-05-07 09:40:00,1,1.9199999999999999,-73.995107000000004,40.749859999999998,1,,-73.970237999999995,40.753973000000002,CRD,8.0999999999999996,0,0.5,1.6200000000000001,0,10.220000000000001
VTS,2012-05-08 13:27:00,2012-05-08 13:33:00,5,0.87,-73.995737000000005,40.74897,1,,-73.998587000000001,40.755446999999997,CSH,4.9000000000000004,0,0.5,0,0,5.4000000000000004
VTS,2012-06-12 09:44:00,2012-06-12 09:45:00,1,0.17000000000000001,-73.977356999999998,40.761192000000001,1,,-73.978863000000004,40.762155,CSH,2.8999999999999999,0,0.5,0,0,3.3999999999999999
CMT,2012-06-12 11:50:25,2012-06-12 12:18:53,1,2.7999999999999998,-73.978159000000005,40.751348,1,N,-73.945857000000004,40.775246000000003,CSH,15.300000000000001,0,0.5,0,0,15.800000000000001
CMT,2012-06-12 11:29:12,2012-06-12 11:46:59,1,3.7000000000000002,-73.993988000000002,40.761406999999998,1,N,-74.007420999999994,40.726520000000001,CRD,12.5,0,0.5,2.6000000000000001,0,15.6
CMT,2012-07-01 03:32:51,2012-07-01 03:44:22,1,3.2000000000000002,-73.966130000000007,40.761308999999997,1,N,-73.986273999999995,40.722112000000003,CSH,10.1,0.5,0.5,0,0,11.1
VTS,2012-07-01 00:00:00,2012-07-01 00:05:00,2,1.8999999999999999,-73.866037000000006,40.834670000000003,1,,-73.866392000000005,40.832757000000001,CRD,6.0999999999999996,0.5,0.5,1.6499999999999999,0,8.75
VTS,2012-07-01 03:33:00,2012-07-01 03:54:00,2,10.550000000000001,-73.981165000000004,40.76708,1,,-73.840485000000001,40.699652,CSH,25.300000000000001,0.5,0.5,0,0,26.300000000000001
VTS,2012-08-01 01:09:00,2012-08-01 01:25:00,1,3.7999999999999998,-74.005480000000006,40.738596999999999,1,,-73.965235000000007,40.759346999999998,CRD,12.1,0.5,0.5,2,0,15.1
CMT,2012-08-01 01:10:24,2012-08-01 01:17:28,1,0.90000000000000002,-74.000296000000006,40.734026,1,N,-74.003331000000003,40.727401,CSH,5.7000000000000002,0.5,0.5,0,0,6.7000000000000002
CMT,2012-08-01 03:52:44,2012-08-01 04:05:14,1,5.0999999999999996,-74.005610000000004,40.726261999999998,1,N,-73.953412,40.776890000000002,CRD,12.9,0.5,0.5,2,0,15.9
VTS,2012-09-01 05:35:00,2012-09-01 05:41:00,1,2.27,-73.995642000000004,40.725271999999997,1,,-73.992367000000002,40.749377000000003,CRD,7.2999999999999998,0.5,0.5,1.5600000000000001,0,9.8599999999999994
VTS,2012-09-01 05:31:00,2012-09-01 05:41:00,1,3.9399999999999999,-73.973276999999996,40.792907999999997,1,,-73.976046999999994,40.750342000000003,CRD,10.9,0.5,0.5,2.2799999999999998,0,14.18
VTS,2012-09-01 05:16:00,2012-09-01 05:40:00,2,16.75,-73.937562999999997,40.801259999999999,2,,-73.783299999999997,40.643875000000001,CSH,45,0,0.5,0,0,45.5
VTS,2012-10-01 07:57:00,2012-10-01 08:09:00,1,3.0099999999999998,-73.994532000000007,40.755887000000001,1,,-74.009990000000002,40.721494999999997,CRD,12.5,0,0.5,2,0,15
VTS,2012-10-01 07:57:00,2012-10-01 08:08:00,1,1.5600000000000001,-73.956346999999994,40.767488,1,,-73.954065,40.784652000000001,CSH,9,0,0.5,0,0,9.5
VTS,2012-10-01 07:57:00,2012-10-01 08:08:00,1,1.23,-73.962950000000006,40.772382,1,,-73.946950000000001,40.771946999999997,CSH,9,0,0.5,0,0,9.5
CMT,2012-11-01 01:18:26,2012-11-01 01:35:06,1,5.4000000000000004,-73.984519000000006,40.779775999999998,1,N,-73.947342000000006,40.764681000000003,CRD,18,0.5,0.5,3.7999999999999998,0,22.800000000000001
CMT,2012-11-01 01:18:27,2012-11-01 01:28:20,1,2.3999999999999999,-73.996082000000001,40.753301999999998,1,N,-73.985782999999998,40.727865000000001,CSH,10,0.5,0.5,0,0,11
CMT,2012-11-01 01:18:45,2012-11-01 02:16:18,1,5.4000000000000004,-73.970534999999998,40.799143999999998,1,N,-73.957025999999999,40.770164000000001,CSH,35.5,0.5,0.5,0,0,36.5
CMT,2012-12-13 08:17:27,2012-12-13 08:38:40,1,1.8999999999999999,-73.964110000000005,40.757821,1,N,-73.983536000000001,40.754967000000001,CRD,14.5,0,0.5,3,0,18
CMT,2012-12-13 08:35:37,2012-12-13 08:54:25,1,3.3999999999999999,-73.968500000000006,40.798955999999997,1,N,-73.984139999999996,40.759404000000004,CRD,15,0,0.5,3.1000000000000001,0,18.600000000000001
CMT,2012-12-13 08:38:59,2012-12-13 08:43:43,1,0.69999999999999996,-74.006574999999998,40.731895999999999,1,N,-73.998295999999996,40.736336999999999,CRD,5.5,0,0.5,1,0,7
CMT,2013-01-01 15:11:48,2013-01-01 15:18:10,4,1,-73.978165000000004,40.757976999999997,1,N,-73.989840000000001,40.751173000000001,CSH,6.5,0,0.5,0,0,7
CMT,2013-01-06 00:18:35,2013-01-06 00:22:54,1,1.5,-74.006680000000003,40.731780999999998,1,N,-73.994499000000005,40.750658999999999,CSH,6,0.5,0.5,0,0,7
CMT,2013-01-05 18:49:41,2013-01-05 18:54:23,1,1.1000000000000001,-74.004711,40.737769999999998,1,N,-74.009831000000005,40.725999999999999,CSH,5.5,1,0.5,0,0,7
CMT,2013-02-08 23:35:14,2013-02-08 23:42:58,1,0.80000000000000004,-73.992438000000007,40.724488000000001,1,N,-73.984423000000007,40.718901000000002,CRD,6,0.5,0.5,0,0,7
CMT,2013-02-07 12:20:16,2013-02-07 12:50:27,4,3.1000000000000001,-73.989492999999996,40.769590000000001,1,N,-73.990302999999997,40.737347999999997,CRD,20,0,0.5,3,0,23.5
CMT,2013-02-08 08:56:54,2013-02-08 08:59:43,1,1,-73.963032999999996,40.799142000000003,1,N,-73.972168999999994,40.786445999999998,CRD,5,0,0.5,1.1000000000000001,0,6.5999999999999996
CMT,2013-03-01 00:00:04,2013-03-01 00:19:03,1,14.300000000000001,-73.776700000000005,40.645162999999997,1,N,-73.913921999999999,40.772612000000002,CRD,39.5,0.5,0.5,10.1,0,50.600000000000001
CMT,2013-03-01 00:00:18,2013-03-01 00:12:11,1,3.2999999999999998,-73.987345000000005,40.752057999999998,1,N,-73.965335999999994,40.792718999999998,CRD,13,0.5,0.5,2.1000000000000001,0,16.100000000000001
CMT,2013-03-01 00:00:18,2013-03-01 00:14:24,1,4.5,-73.991490999999996,40.726444999999998,1,N,-73.980863999999997,40.778368,CRD,15,0.5,0.5,3.2000000000000002,0,19.199999999999999
CMT,2013-04-04 18:47:45,2013-04-04 19:00:25,1,2.5,-73.957854999999995,40.765320000000003,1,N,-73.976274000000004,40.785646999999997,CRD,11,1,0.5,2.5,0,15
CMT,2013-04-05 07:08:34,2013-04-05 07:17:34,1,1.6000000000000001,0,0,1,N,0,0,CRD,8.5,0,0.5,1.8,0,10.800000000000001
CMT,2013-04-04 17:59:50,2013-04-04 18:21:48,1,3.6000000000000001,-73.982876000000005,40.754989000000002,1,N,-74.009181999999996,40.715375000000002,CRD,16.5,1,0.5,3.6000000000000001,0,21.600000000000001
VTS,2013-05-01 00:04:00,2013-05-01 00:12:00,1,1.3400000000000001,-73.982286999999999,40.772815000000001,1,,-73.98621,40.758741999999998,CSH,7,0.5,0.5,0,0,8
VTS,2013-05-01 00:03:00,2013-05-01 00:10:00,5,2.6000000000000001,-73.963009999999997,40.7119,1,,-73.991874999999993,40.721916999999998,CRD,9.5,0.5,0.5,2,0,12.5
VTS,2013-05-01 00:04:00,2013-05-01 00:10:00,2,1.3100000000000001,-73.981780000000001,40.724352000000003,1,,-73.973754999999997,40.736891999999997,CRD,6.5,0.5,0.5,1,0,8.5
CMT,2013-06-03 00:02:12,2013-06-03 00:10:07,1,1.3,-73.981579999999994,40.773530000000001,1,N,-73.981823000000006,40.782124000000003,CRD,7.5,0.5,0.5,2.1200000000000001,0,10.619999999999999
CMT,2013-06-03 00:03:03,2013-06-03 00:19:27,1,4.9000000000000004,-73.999562999999995,40.728364999999997,1,N,-73.952929999999995,40.729545000000002,CRD,17,0.5,0.5,3.6000000000000001,0,21.600000000000001
CMT,2013-06-03 00:01:30,2013-06-03 00:28:11,1,17.699999999999999,-73.788441000000006,40.641151000000001,2,N,-73.98545,40.744194999999998,CRD,52,0,0.5,5,5.3300000000000001,62.829999999999998
VTS,2013-07-01 01:47:00,2013-07-01 01:52:00,1,1.1699999999999999,-74.013227000000001,40.714717,1,,-74.003493000000006,40.725285,CRD,6,0.5,0.5,1.3,0,8.3000000000000007
VTS,2013-07-01 01:39:00,2013-07-01 01:52:00,1,4.1699999999999999,-73.980862000000002,40.763947000000002,1,,-73.933881999999997,40.767676999999999,CRD,14,0.5,0.5,2.8999999999999999,0,17.899999999999999
VTS,2013-07-01 01:36:00,2013-07-01 01:50:00,1,2.98,-74.007565,40.740896999999997,1,,-73.980114999999998,40.713987000000003,CRD,12,0.5,0.5,1.5,0,14.5
CMT,2013-08-26 15:33:22,2013-08-26 15:44:47,1,1,-73.989877000000007,40.734282,1,N,-73.999419000000003,40.731369999999998,CSH,8.5,0,0.5,0,0,9
CMT,2013-08-29 19:08:04,2013-08-29 19:36:56,1,6.7000000000000002,-73.979861,40.760016,1,N,-73.941869999999994,40.807037999999999,CSH,24.5,1,0.5,0,0,26
CMT,2013-08-26 13:54:27,2013-08-26 14:08:44,1,3,-74.010441999999998,40.710102999999997,1,N,-73.987447000000003,40.749763999999999,CSH,12.5,0,0.5,0,0,13
CMT,2013-09-01 16:35:05,2013-09-01 16:47:53,2,2.6000000000000001,-73.987902000000005,40.724077999999999,1,N,-73.994600000000005,40.750579999999999,CRD,11.5,0,0.5,2.3999999999999999,0,14.4
CMT,2013-09-01 17:44:05,2013-09-01 17:58:37,1,3.5,-74.007867000000005,40.710233000000002,1,N,-74.003977000000006,40.756570000000004,CRD,14.5,0,0.5,3.75,0,18.75
CMT,2013-09-01 16:36:20,2013-09-01 16:50:53,1,3.1000000000000001,-74.016724999999994,40.709240000000001,1,N,-74.000437000000005,40.752535000000002,CRD,14,0,0.5,1,0,15.5
CMT,2013-10-09 14:46:30,2013-10-09 14:56:02,1,1.1000000000000001,-73.986868000000001,40.756239999999998,1,N,-73.980560999999994,40.764797000000002,CRD,8,0,0.5,2.1200000000000001,0,10.619999999999999
CMT,2013-10-09 17:32:08,2013-10-09 17:45:40,1,2.8999999999999999,-74.001103000000001,40.721381999999998,1,N,-73.952635999999998,40.712133999999999,CRD,12.5,1,0.5,4.2000000000000002,0,18.199999999999999
CMT,2013-10-07 11:47:37,2013-10-07 11:55:42,1,1.2,-73.973727999999994,40.782853000000003,1,N,-73.984120000000004,40.768515999999998,CRD,7.5,0,0.5,1.6000000000000001,0,9.5999999999999996
CMT,2013-11-25 15:53:33,2013-11-25 16:00:51,1,0.59999999999999998,-73.978104000000002,40.752966000000001,1,N,-73.985755999999995,40.762684999999998,CRD,6,1,0.5,1,0,8.5
CMT,2013-11-25 15:24:41,2013-11-25 15:30:18,1,0.5,-73.982313000000005,40.764826999999997,1,N,-73.982129,40.758889000000003,CRD,5.5,0,0.5,3,0,9
CMT,2013-11-25 09:43:42,2013-11-25 10:02:57,1,3.2999999999999998,-73.982012999999995,40.762506999999999,1,N,-74.006854000000004,40.719582000000003,CRD,15,0,0.5,2,0,17.5
VTS,2013-12-01 00:13:00,2013-12-01 00:31:00,1,3.8999999999999999,-73.979342000000003,40.776651999999999,1,,-73.981866999999994,40.734279999999998,CRD,15.5,0.5,0.5,3,0,19.5
VTS,2013-12-01 00:40:00,2013-12-01 00:48:00,6,3.2000000000000002,-73.939672000000002,40.726154999999999,1,,-73.985579999999999,40.718074999999999,CSH,11.5,0.5,0.5,0,0,12.5
VTS,2013-12-01 02:21:00,2013-12-01 02:30:00,5,3.2799999999999998,-73.958752000000004,40.768076999999998,1,,-73.958752000000004,40.768076999999998,CRD,11,0.5,0.5,2.2999999999999998,0,14.300000000000001
CMT,2014-01-09 20:45:25,2014-01-09 20:52:31,1,0.69999999999999996,-73.994770000000003,40.736828000000003,1,N,-73.982226999999995,40.731789999999997,CRD,6.5,0.5,0.5,1.3999999999999999,0,8.9000000000000004
CMT,2014-01-09 20:46:12,2014-01-09 20:55:12,1,1.3999999999999999,-73.982392000000004,40.773381999999998,1,N,-73.960448999999997,40.763995000000001,CRD,8.5,0.5,0.5,1.8999999999999999,0,11.4
CMT,2014-01-09 20:44:47,2014-01-09 20:59:46,2,2.2999999999999998,-73.988569999999996,40.739406000000002,1,N,-73.986626000000001,40.765217,CRD,11.5,0.5,0.5,1.5,0,14
VTS,2014-02-09 14:51:00,2014-02-09 14:58:00,1,1.0600000000000001,-73.982370000000003,40.768287000000001,1,,-73.977575000000002,40.758175000000001,CSH,6.5,0,0.5,0,0,7
VTS,2014-02-06 14:27:00,2014-02-06 14:44:00,2,1.48,-73.983069999999998,40.764429999999997,1,,-73.993750000000006,40.750329999999998,CRD,11,0,0.5,1,0,12.5
VTS,2014-02-06 14:22:00,2014-02-06 14:45:00,1,2.8399999999999999,-74.002667000000002,40.723770000000002,1,,-73.982271999999995,40.757964999999999,CRD,15.5,0,0.5,3.1000000000000001,0,19.100000000000001
CMT,2014-03-01 01:07:38,2014-03-01 01:16:26,1,2,-73.951504,40.714112999999998,1,N,-73.944277999999997,40.690677000000001,CRD,9,0.5,0.5,2,0,12
CMT,2014-03-01 01:08:03,2014-03-01 01:12:51,2,1.2,-74.004734999999997,40.742173000000001,1,N,-73.992227999999997,40.74821,CRD,6,0.5,0.5,1,0,8
CMT,2014-03-01 01:08:51,2014-03-01 01:13:18,3,0.5,-73.949302000000003,40.707568999999999,1,N,-73.951654000000005,40.71425,CRD,5,0.5,0.5,1.2,0,7.2000000000000002
CMT,2014-04-08 08:59:39,2014-04-08 09:28:57,1,2.5,-73.958848000000003,40.763584999999999,1,N,-73.986283999999998,40.752034000000002,CRD,18,0,0.5,3.7000000000000002,0,22.199999999999999
CMT,2014-04-08 14:59:22,2014-04-08 15:04:52,1,0.90000000000000002,0,0,1,N,0,0,CRD,6,0,0.5,1.3,0,7.7999999999999998
CMT,2014-04-08 08:45:28,2014-04-08 08:50:41,2,0.59999999999999998,-73.992232999999999,40.729135999999997,1,N,-73.991387000000003,40.735185999999999,CRD,5.5,0,0.5,1.2,0,7.2000000000000002
VTS,2014-05-31 17:17:00,2014-05-31 17:17:00,2,0,0,0,1,,0,0,CSH,2.5,0,0.5,0,0,3
VTS,2014-05-31 17:07:00,2014-05-31 17:19:00,2,2.2200000000000002,-73.987039999999993,40.760120000000001,1,,-74.005549999999999,40.745609999999999,CSH,10.5,0,0.5,0,0,11
VTS,2014-05-31 16:29:00,2014-05-31 17:17:00,1,17.109999999999999,0,0,2,,-73.982200000000006,40.750920000000001,CRD,52,0,0.5,11.470000000000001,5.3300000000000001,69.299999999999997
CMT,2014-06-30 00:10:16,2014-06-30 00:25:10,1,4.4000000000000004,-73.994076000000007,40.720134000000002,1,N,-73.957111999999995,40.680574999999997,CRD,15.5,0.5,0.5,2.5,0,19
CMT,2014-06-30 02:09:23,2014-06-30 02:20:36,2,3,-74.007391999999996,40.741115999999998,1,N,-73.987470999999999,40.765773000000003,CRD,12,0.5,0.5,2.6000000000000001,0,15.6
CMT,2014-06-30 03:53:38,2014-06-30 04:08:15,2,4.7000000000000002,-74.005937000000003,40.740136,1,N,-73.954162999999994,40.778651000000004,CRD,16,0.5,0.5,3.3999999999999999,0,20.399999999999999
CMT,2014-07-10 10:07:55,2014-07-10 10:16:19,1,1.2,-73.981240999999997,40.781829000000002,1,N,-73.974051000000003,40.787320000000001,CSH,7.5,0,0.5,0,0,8
CMT,2014-07-10 09:06:52,2014-07-10 09:36:36,1,3.3999999999999999,-74.000952999999996,40.733972000000001,1,N,-73.970544000000004,40.764482000000001,CSH,19,0,0.5,0,0,19.5
CMT,2014-07-10 10:37:55,2014-07-10 10:49:25,1,1,-74.006416999999999,40.733199999999997,1,N,-73.999509000000003,40.723267,CSH,8.5,0,0.5,0,0,9
CMT,2014-08-16 14:58:49,2014-08-16 15:15:59,1,2.7000000000000002,-73.946537000000006,40.776812999999997,1,N,-73.976192999999995,40.755625000000002,CSH,14,0,0.5,0,0,14.5
CMT,2014-08-16 08:10:48,2014-08-16 08:58:16,3,20.399999999999999,-73.776857000000007,40.645099000000002,1,Y,-73.916248999999993,40.837356999999997,CSH,58.5,0,0.5,0,5.3300000000000001,64.329999999999998
CMT,2014-08-16 09:44:07,2014-08-16 09:54:37,1,2.1000000000000001,-73.986585000000005,40.725847999999999,1,N,-73.977157000000005,40.751961000000001,CSH,9.5,0,0.5,0,0,10
VTS,2014-09-10 12:19:00,2014-09-10 12:39:00,2,1.53,-73.962270000000004,40.779057000000002,1,,-73.976247000000001,40.759452000000003,CSH,13.5,0,0.5,0,0,14
VTS,2014-09-10 12:33:00,2014-09-10 12:41:00,1,0.5,-73.974029999999999,40.762791999999997,1,,-73.978341999999998,40.756787000000003,UNK,6,0,0.5,1.2,0,7.7000000000000002
VTS,2014-09-10 12:31:00,2014-09-10 12:39:00,5,1.25,-73.980519999999999,40.738287,1,,-73.994564999999994,40.729317000000002,CSH,7,0,0.5,0,0,7.5
CMT,2014-10-01 08:55:07,2014-10-01 09:11:03,1,2.2000000000000002,-74.005866999999995,40.737569999999998,1,Y,-74.015534000000002,40.708277000000002,CRD,12,0,0.5,1,0,13.5
CMT,2014-10-01 10:51:17,2014-10-01 11:26:11,1,15.699999999999999,-73.873193000000001,40.774056000000002,1,Y,-73.999846000000005,40.631132000000001,CRD,45.5,0,0.5,9.1999999999999993,0,55.200000000000003
CMT,2014-10-01 02:03:03,2014-10-01 02:06:55,1,1,0,0,1,N,0,0,CRD,5,0.5,0.5,1,0,7
VTS,2014-11-01 00:47:00,2014-11-01 01:00:00,5,2.71,-73.96096,40.818779999999997,1,,-73.92362,40.808399999999999,CRD,11.5,0.5,0.5,2.3999999999999999,0,14.9
VTS,2014-11-01 00:28:00,2014-11-01 01:00:00,5,4.6699999999999999,-73.990148000000005,40.729315,1,,-73.954932999999997,40.769334999999998,CRD,23.5,0.5,0.5,6,0,30.5
VTS,2014-11-01 00:39:00,2014-11-01 01:00:00,2,4.5199999999999996,-73.980121999999994,40.742846999999998,1,,-73.977007,40.784256999999997,CRD,17,0.5,0.5,4.3799999999999999,0,22.379999999999999
VTS,2014-12-12 18:16:00,2014-12-12 18:35:00,3,4.0300000000000002,-74.014049999999997,40.711706999999997,1,,-73.995626999999999,40.759461999999999,CSH,16,1,0.5,0,0,17.5
VTS,2014-12-12 18:18:00,2014-12-12 18:36:00,1,4.0999999999999996,-73.945876999999996,40.780524999999997,1,,-73.972558000000006,40.740457999999997,CRD,15,1,0.5,4,0,20.5
VTS,2014-12-12 18:31:00,2014-12-12 18:35:00,1,0.95999999999999996,-73.961449999999999,40.796259999999997,1,,-73.955629999999999,40.787759999999999,CSH,5.5,1,0.5,0,0,7
2,2015-01-15 19:05:39,2015-01-15 19:23:42,1,1.59,-73.993896484375,40.750110626220703,1,N,-73.974784851074219,40.750617980957031,1,12,1,0.5,3.25,0,0.3
1,2015-01-10 20:33:38,2015-01-10 20:53:28,1,3.30,-74.00164794921875,40.7242431640625,1,N,-73.994415283203125,40.759109497070313,1,14.5,0.5,0.5,2,0,0.3
1,2015-01-10 20:33:38,2015-01-10 20:43:41,1,1.80,-73.963340759277344,40.802787780761719,1,N,-73.951820373535156,40.824413299560547,2,9.5,0.5,0.5,0,0,0.3
1,2015-01-10 20:33:39,2015-01-10 20:35:31,1,.50,-74.009086608886719,40.713817596435547,1,N,-74.004325866699219,40.719985961914063,2,3.5,0.5,0.5,0,0,0.3
2,2015-02-08 11:33:46,2015-02-08 11:37:45,1,.56,-73.949905395507813,40.717437744140625,1,N,-73.95001220703125,40.724010467529297,1,4.5,0,0.5,1.06,0,0.3
2,2015-02-28 23:52:39,2015-03-01 00:00:03,1,1.24,-73.983497619628906,40.756103515625,1,N,-73.989540100097656,40.767860412597656,1,6.5,0.5,0.5,1.56,0,0.3
2,2015-02-28 23:52:39,2015-03-01 00:03:25,1,2.07,-74.003189086914063,40.733058929443359,1,N,-73.992362976074219,40.715099334716797,1,10,0.5,0.5,2.26,0,0.3
2,2015-02-28 23:52:39,2015-03-01 00:04:58,1,2.29,-73.958549499511719,40.760478973388672,1,N,-73.979248046875,40.736660003662109,1,10.5,0.5,0.5,2.36,0,0.3
1,2015-03-06 08:02:31,2015-03-06 08:09:55,1,1.20,-73.990211486816406,40.750968933105469,1,N,-73.987892150878906,40.738037109375,2,7,0,0.5,0,0,0.3
1,2015-03-06 08:02:31,2015-03-06 08:15:23,1,3.20,-73.935188293457031,40.80072021484375,1,N,-73.952552795410156,40.765373229980469,2,11.5,0,0.5,0,0,0.3
1,2015-03-06 08:02:31,2015-03-06 08:12:27,1,1.10,-73.963752746582031,40.767936706542969,1,N,-73.956947326660156,40.780269622802734,2,8,0,0.5,0,0,0.3
1,2015-03-06 08:02:31,2015-03-06 08:09:09,1,.80,-73.997177124023438,40.742168426513672,1,N,-74.008064270019531,40.739280700683594,1,6,0,0.5,1,0,0.3
2,2015-04-27 15:16:29,2015-04-27 15:26:14,1,1.05,-73.988868713378906,40.758396148681641,1,N,-73.984779357910156,40.748271942138672,2,7.5,0,0.5,0,0,0.3
2,2015-04-27 15:16:29,2015-04-27 15:25:03,1,2.67,-74.008567810058594,40.704479217529297,1,N,-73.978271484375,40.720542907714844,1,10.5,0,0.5,1,0,0.3
2,2015-04-27 15:16:29,2015-04-27 15:31:48,1,2.89,-73.994117736816406,40.756431579589844,1,N,-73.993263244628906,40.724441528320313,1,12.5,0,0.5,3.32,0,0.3
2,2015-04-27 15:16:29,2015-04-27 15:25:26,1,.94,-73.974388122558594,40.761665344238281,1,N,-73.985542297363281,40.756168365478516,2,7.5,0,0.5,0,0,0.3
1,2015-05-05 23:37:40,2015-05-05 23:45:41,1,2.00,-74.001678466796875,40.739311218261719,1,N,-73.978294372558594,40.752109527587891,2,8.5,0.5,0.5,0,0,0.3
2,2015-05-05 23:37:40,2015-05-05 23:40:36,1,.54,-73.930839538574219,40.744789123535156,1,N,-73.937515258789062,40.749359130859375,2,4.5,0.5,0.5,0,0,0.3
2,2015-05-05 23:37:40,2015-05-05 23:44:03,3,2.10,-74.001411437988281,40.731086730957031,1,N,-73.981674194335937,40.758281707763672,2,8,0.5,0.5,0,0,0.3
2,2015-05-05 23:37:40,2015-05-06 00:14:01,6,10.93,-73.970672607421875,40.758560180664063,1,N,-73.933761596679688,40.670543670654297,1,36,0.5,0.5,9.32,0,0.3
2,2015-06-02 11:19:29,2015-06-02 11:47:52,1,1.63,-73.954429626464844,40.764141082763672,1,N,-73.974754333496094,40.754093170166016,2,17,0,0.5,0,0,0.3
2,2015-06-02 11:19:30,2015-06-02 11:27:56,1,.46,-73.971443176269531,40.758941650390625,1,N,-73.978538513183594,40.761909484863281,1,6.5,0,0.5,1,0,0.3
2,2015-06-02 11:19:31,2015-06-02 11:30:30,1,.87,-73.978111267089844,40.738433837890625,1,N,-73.990272521972656,40.745437622070313,1,8,0,0.5,2.2,0,0.3
2,2015-06-02 11:19:31,2015-06-02 11:39:02,1,2.13,-73.945892333984375,40.773529052734375,1,N,-73.971527099609375,40.760330200195312,1,13.5,0,0.5,2.86,0,0.3
1,2015-07-01 00:00:00,2015-07-01 00:15:26,1,3.50,-73.994155883789063,40.751125335693359,1,N,-73.976821899414063,40.788566589355469,2,14,0.5,0.5,0,0,0.3
1,2015-07-01 00:00:00,2015-07-01 00:22:22,1,3.90,-73.984657287597656,40.768486022949219,1,N,-74.000129699707031,40.734897613525391,2,17,0.5,0.5,0,0,0.3
1,2015-07-01 00:00:00,2015-07-01 00:07:42,1,2.30,-73.978889465332031,40.762287139892578,1,N,-74.004219055175781,40.752532958984375,2,9,0.5,0.5,0,0,0.3
1,2015-07-01 00:00:00,2015-07-01 00:39:37,1,9.20,-73.992790222167969,40.742759704589844,1,N,-73.971511840820313,40.637153625488281,1,33,0.5,0.5,8.55,0,0.3
2,2015-08-01 00:00:15,2015-08-01 00:36:21,1,7.22,-73.999809265136719,40.743339538574219,1,N,-73.942848205566406,40.806621551513672,2,29.5,0.5,0.5,0,0,0.3
1,2015-08-01 00:00:16,2015-08-01 00:14:52,1,2.30,-73.977043151855469,40.77490234375,1,N,-73.978256225585937,40.749862670898438,1,12,0.5,0.5,2.93,0,0.3
1,2015-08-01 00:00:16,2015-08-01 00:06:30,1,1.50,-73.959121704101563,40.775127410888672,1,N,-73.980392456054688,40.782314300537109,1,7,0.5,0.5,1.65,0,0.3
1,2015-08-01 00:00:16,2015-08-01 00:06:18,1,.90,-73.97662353515625,40.780746459960937,1,N,-73.970558166503906,40.788845062255859,1,6,0.5,0.5,1.45,0,0.3
2,2015-09-01 00:05:55,2015-09-01 00:31:02,1,17.45,-73.791351318359375,40.646690368652344,1,N,-73.857437133789063,40.848262786865234,1,47.5,0.5,0.5,5,5.54,0.3
1,2015-09-01 00:05:56,2015-09-01 00:07:42,1,.40,-73.978935241699219,40.752853393554687,1,N,-73.986061096191406,40.755397796630859,2,3.5,0.5,0.5,0,0,0.3
1,2015-09-01 00:05:57,2015-09-01 00:16:48,1,1.50,-73.990890502929688,40.723972320556641,1,N,-74.009559631347656,40.728916168212891,2,9,0.5,0.5,0,0,0.3
1,2015-09-01 00:05:57,2015-09-01 00:05:57,1,.00,-73.932655334472656,40.803768157958984,1,N,0,0,2,4,0.5,0.5,0,0,0.3
1,2015-10-01 00:00:00,2015-10-01 00:05:48,1,1.10,-73.935516357421875,40.761238098144531,1,N,-73.944351196289063,40.75457763671875,2,6,0.5,0.5,0,0,0.3
2,2015-10-01 00:00:00,2015-10-01 00:00:00,1,7.68,-73.989936828613281,40.743438720703125,1,N,-73.986686706542969,40.689128875732422,2,27.5,0,0.5,0,0,0.3
2,2015-10-01 00:00:00,2015-10-01 00:00:00,2,2.53,-73.987327575683594,40.720020294189453,1,N,-73.99908447265625,40.744380950927734,1,12.5,0,0.5,2,0,0.3
2,2015-10-01 00:00:00,2015-10-01 00:00:00,0,1.20,-73.953758239746094,40.743385314941406,5,N,-73.930007934570313,40.736621856689453,2,25.26,0,0.5,0,0,0.3
1,2015-11-01 00:00:00,2015-11-01 00:26:00,1,2.90,-73.983993530273437,40.729499816894531,1,N,-73.984550476074219,40.759170532226563,2,17.5,0.5,0.5,0,0,0.3
1,2015-11-01 00:00:00,2015-11-01 00:08:24,1,.80,-73.9840087890625,40.765289306640625,1,N,-73.990432739257813,40.759326934814453,1,7,0.5,0.5,1.65,0,0.3
2,2015-11-01 00:00:00,2015-11-01 00:12:17,1,.74,-74.002616882324219,40.734058380126953,1,N,-74.004364013671875,40.7406005859375,2,8.5,0.5,0.5,0,0,0.3
2,2015-11-01 00:00:00,2015-11-01 00:25:08,1,2.89,-73.987312316894531,40.718711853027344,1,N,-73.9915771484375,40.749118804931641,1,16.5,0.5,0.5,0,0,0.3
2,2015-12-01 00:00:00,2015-12-01 00:05:16,5,.96,-73.979942321777344,40.765380859375,1,N,-73.96630859375,40.763088226318359,1,5.5,0.5,0.5,1,0,0.3
2,2015-12-01 00:00:00,2015-12-01 00:00:00,2,2.69,-73.972335815429687,40.762378692626953,1,N,-73.993629455566406,40.745998382568359,1,21.5,0,0.5,3.34,0,0.3
2,2015-12-01 00:00:00,2015-12-01 00:00:00,1,2.62,-73.968849182128906,40.764530181884766,1,N,-73.97454833984375,40.791641235351563,1,17,0,0.5,3.56,0,0.3
1,2015-12-01 00:00:01,2015-12-01 00:05:56,1,1.20,-73.993934631347656,40.741683959960937,1,N,-73.997665405273438,40.747467041015625,1,6.5,0.5,0.5,0.2,0,0.3
2,2016-01-01 00:00:00,2016-01-01 00:00:00,2,1.10,-73.990371704101563,40.734695434570313,1,N,-73.981842041015625,40.732406616210937,2,7.5,0.5,0.5,0,0,0.3
2,2016-01-01 00:00:00,2016-01-01 00:00:00,5,4.90,-73.980781555175781,40.729911804199219,1,N,-73.944473266601563,40.716678619384766,1,18,0.5,0.5,0,0,0.3
2,2016-01-01 00:00:00,2016-01-01 00:00:00,1,10.54,-73.984550476074219,40.6795654296875,1,N,-73.950271606445313,40.788925170898438,1,33,0.5,0.5,0,0,0.3
2,2016-01-01 00:00:00,2016-01-01 00:00:00,1,4.75,-73.99346923828125,40.718990325927734,1,N,-73.962242126464844,40.657333374023437,2,16.5,0,0.5,0,0,0.3
2,2016-02-25 17:24:20,2016-02-25 17:27:20,2,.70,-73.947250366210937,40.763771057128906,1,N,-73.992012023925781,40.735389709472656,2,5,0,0.5,0,0,0.3
2,2016-02-25 23:10:50,2016-02-25 23:31:50,2,5.52,-73.983016967773437,40.750991821289063,1,N,-73.98858642578125,40.758838653564453,2,20,0.5,0.5,0,0,0.3
2,2016-02-01 00:00:01,2016-02-01 00:10:52,6,1.99,-73.992340087890625,40.758201599121094,1,N,-73.96435546875,40.757976531982422,1,9.5,0.5,0.5,0.7,0,0.3
1,2016-02-01 00:00:04,2016-02-01 00:05:16,1,1.50,-73.981452941894531,40.749721527099609,1,N,-73.982322692871094,40.763984680175781,2,6.5,0.5,0.5,0,0,0.3
1,2016-03-01 00:00:00,2016-03-01 00:07:55,1,2.50,-73.97674560546875,40.765151977539062,1,N,-74.004264831542969,40.746128082275391,1,9,0.5,0.5,2.05,0,0.3
1,2016-03-01 00:00:00,2016-03-01 00:11:06,1,2.90,-73.983482360839844,40.767925262451172,1,N,-74.005943298339844,40.733165740966797,1,11,0.5,0.5,3.05,0,0.3
2,2016-03-01 00:00:00,2016-03-01 00:31:06,2,19.98,-73.782020568847656,40.644809722900391,1,N,-73.974540710449219,40.675769805908203,1,54.5,0.5,0.5,8,0,0.3
2,2016-03-01 00:00:00,2016-03-01 00:00:00,3,10.78,-73.863418579101562,40.769813537597656,1,N,-73.969650268554688,40.757766723632812,1,31.5,0,0.5,3.78,5.54,0.3
1,2016-04-01 00:00:00,2016-04-01 00:01:59,1,.50,-73.976882934570313,40.758495330810547,1,N,-73.977668762207031,40.753902435302734,2,3.5,0.5,0.5,0,0,0.3
1,2016-04-01 00:00:00,2016-04-01 00:12:07,2,2.20,-73.985206604003906,40.757293701171875,1,N,-73.989288330078125,40.732658386230469,1,10,0.5,0.5,2.25,0,0.3
2,2016-04-01 00:00:00,2016-04-01 00:10:41,2,.96,-73.979202270507812,40.758869171142578,1,N,-73.990676879882813,40.751319885253906,2,8.5,0.5,0.5,0,0,0.3
2,2016-04-01 00:00:00,2016-04-01 00:10:30,5,1.54,-73.984855651855469,40.767723083496094,1,N,-73.990829467773437,40.751186370849609,1,8.5,0.5,0.5,1.96,0,0.3
1,2016-05-01 00:00:00,2016-05-01 00:17:31,1,3.60,-73.98590087890625,40.768039703369141,1,N,-73.983985900878906,40.730098724365234,1,15,0.5,0.5,1.5,0,0.3
2,2016-05-01 00:00:00,2016-05-01 00:07:31,1,1.68,-73.9915771484375,40.7447509765625,1,N,-73.975700378417969,40.765468597412109,1,7.5,0.5,0.5,0.88,0,0.3
2,2016-05-01 00:00:00,2016-05-01 00:07:01,6,1.09,-73.993072509765625,40.741573333740234,1,N,-73.980995178222656,40.744632720947266,1,6.5,0.5,0.5,1.56,0,0.3
2,2016-05-01 00:00:00,2016-05-01 00:19:47,1,4.21,-73.991943359375,40.684600830078125,1,N,-74.00225830078125,40.733001708984375,1,17,0.5,0.5,3.66,0,0.3
2,2016-06-09 21:06:36,2016-06-09 21:13:08,2,.79,-73.983360290527344,40.760936737060547,1,N,-73.977462768554688,40.753978729248047,2,6,0.5,0.5,0,0,0.3
2,2016-06-09 21:06:36,2016-06-09 21:35:11,1,5.22,-73.981719970703125,40.736667633056641,1,N,-73.981636047363281,40.670242309570313,1,22,0.5,0.5,4,0,0.3
2,2016-06-09 21:06:36,2016-06-09 21:13:10,1,1.26,-73.994316101074219,40.751071929931641,1,N,-74.004234313964844,40.742168426513672,1,6.5,0.5,0.5,1.56,0,0.3
2,2016-06-09 21:06:36,2016-06-09 21:36:10,1,7.39,-73.98236083984375,40.773891448974609,1,N,-73.929466247558594,40.851539611816406,1,26,0.5,0.5,1,0,0.3
1,2016-07-10 06:56:05,2016-07-10 06:59:53,1,.50,1,N,263,236,1,4.5,1,0.5,2.7,0,0.3,9,
2,2016-07-10 10:50:18,2016-07-10 10:55:21,5,1.34,1,N,142,163,1,6,0,0.5,1.36,0,0.3,8.16,
2,2016-07-10 10:50:18,2016-07-10 11:08:38,1,9.48,1,N,74,66,1,27,0,0.5,0,0,0.3,27.8,
1,2016-07-10 10:50:19,2016-07-10 10:55:14,1,1.00,1,N,264,264,2,5.5,0,0.5,0,0,0.3,6.3,
1,2016-08-01 00:00:02,2016-08-01 00:15:04,1,3.70,1,N,239,234,1,13.5,0.5,0.5,2.2,0,0.3,17,
1,2016-08-01 00:00:03,2016-08-01 00:03:45,2,.70,1,N,141,162,1,4.5,0.5,0.5,1.15,0,0.3,6.95,
1,2016-08-01 00:00:04,2016-08-01 00:06:12,1,1.20,1,N,230,163,1,6.5,0.5,0.5,1.55,0,0.3,9.35,
2,2016-08-01 00:00:00,2016-08-01 00:10:45,5,2.07,1,N,65,49,1,9.5,0.5,0.5,2.7,0,0.3,13.5,
1,2016-09-04 01:39:17,2016-09-04 01:55:24,1,4.90,1,N,230,145,1,15.5,0.5,0.5,3.35,0,0.3,20.15,
2,2016-09-04 01:39:17,2016-09-04 01:56:44,2,4.79,1,N,79,238,2,17,0.5,0.5,0,0,0.3,18.3,
2,2016-09-04 01:39:17,2016-09-04 02:11:13,1,11.74,1,N,4,149,1,35.5,0.5,0.5,7.36,0,0.3,44.16,
2,2016-09-04 01:39:18,2016-09-04 01:43:11,1,.85,1,N,211,114,2,5,0.5,0.5,0,0,0.3,6.3,
1,2016-10-01 00:00:00,2016-10-01 00:10:45,3,3.40,1,N,80,33,1,13,0.5,0.5,3.55,0,0.3,17.85,
2,2016-10-01 00:00:00,2016-10-01 00:15:51,5,4.17,1,N,262,107,1,15,0.5,0.5,2,0,0.3,18.3,
2,2016-10-01 00:00:00,2016-10-01 00:03:22,5,.66,1,N,163,230,2,4.5,0.5,0.5,0,0,0.3,5.8,
2,2016-10-01 00:00:00,2016-10-01 00:15:35,4,2.49,1,N,114,100,2,12,0.5,0.5,0,0,0.3,13.3,
2,2016-11-01 00:00:00,2016-11-01 00:17:01,1,4.36,1,N,90,262,1,15.5,0.5,0.5,3.36,0,0.3,20.16,
2,2016-11-01 00:00:00,2016-11-01 00:00:00,1,.68,1,N,140,237,1,6.5,1,0.5,1.24,0,0.3,9.54,
2,2016-11-01 00:00:00,2016-11-01 00:00:00,1,16.75,2,N,132,170,1,52,4.5,0.5,12.57,5.54,0.3,75.41,
2,2016-11-01 00:00:00,2016-11-01 00:00:00,1,2.55,1,N,186,231,1,11.5,1,0.5,0,0,0.3,13.3,
2,2016-12-31 15:15:01,2016-12-31 15:15:09,1,.00,1,N,264,264,2,1,0,0.5,0,0,0.3,1.8,
1,2016-12-01 00:00:01,2016-12-01 00:10:22,1,1.60,1,N,163,143,2,9,0.5,0.5,0,0,0.3,10.3,
1,2016-12-01 00:00:01,2016-12-01 00:11:01,1,1.40,1,N,164,229,1,9,0.5,0.5,2.05,0,0.3,12.35,
2,2016-12-01 00:00:02,2016-12-01 00:09:17,6,1.69,1,N,246,107,1,8.5,0.5,0.5,2.45,0,0.3,12.25,
1,2019-01-01 00:46:40,2019-01-01 00:53:20,1,1.50,1,N,151,239,1,7,0.5,0.5,1.65,0,0.3,9.95,
1,2019-01-01 00:59:47,2019-01-01 01:18:59,1,2.60,1,N,239,246,1,14,0.5,0.5,1,0,0.3,16.3,
2,2018-12-21 13:48:30,2018-12-21 13:52:40,3,.00,1,N,236,236,1,4.5,0.5,0.5,0,0,0.3,5.8,
2,2018-11-28 15:52:25,2018-11-28 15:55:45,5,.00,1,N,193,193,2,3.5,0.5,0.5,0,0,0.3,7.55,
1,2019-02-01 00:59:04,2019-02-01 01:07:27,1,2.10,1,N,48,234,1,9,0.5,0.5,2,0,0.3,12.3,0
1,2019-02-01 00:33:09,2019-02-01 01:03:58,1,9.80,1,N,230,93,2,32,0.5,0.5,0,0,0.3,33.3,0
1,2019-02-01 00:09:03,2019-02-01 00:09:16,1,.00,1,N,145,145,2,2.5,0.5,0.5,0,0,0.3,3.8,0
1,2019-02-01 00:45:38,2019-02-01 00:51:10,1,.80,1,N,95,95,2,5.5,0.5,0.5,0,0,0.3,6.8,0
1,2019-03-01 00:24:41,2019-03-01 00:25:31,1,.00,1,N,145,145,2,2.5,0.5,0.5,0,0,0.3,3.8,0
1,2019-03-01 00:25:27,2019-03-01 00:36:37,2,3.70,1,N,95,130,1,13,0.5,0.5,0.7,0,0.3,15,0
1,2019-03-01 00:05:21,2019-03-01 00:38:23,1,14.10,1,N,249,28,1,41,3,0.5,10.1,5.76,0.3,60.66,2.5
1,2019-03-01 00:48:55,2019-03-01 01:06:03,1,9.60,1,N,138,98,2,27,0.5,0.5,0,0,0.3,28.3,0
1,2019-04-01 00:04:09,2019-04-01 00:06:35,1,.50,1,N,239,239,1,4,3,0.5,1,0,0.3,8.8,2.5
1,2019-04-01 00:22:45,2019-04-01 00:25:43,1,.70,1,N,230,100,2,4.5,3,0.5,0,0,0.3,8.3,2.5
1,2019-04-01 00:39:48,2019-04-01 01:19:39,1,10.90,1,N,68,127,1,36,3,0.5,7.95,0,0.3,47.75,2.5
1,2019-04-01 00:35:32,2019-04-01 00:37:11,1,.20,1,N,68,68,2,3.5,3,0.5,0,0,0.3,7.3,2.5
1,2019-05-01 00:14:50,2019-05-01 00:16:48,1,.00,1,N,145,145,2,3,0.5,0.5,0,0,0.3,4.3,0
1,2019-05-01 00:35:54,2019-05-01 00:37:27,1,1.50,1,N,145,145,2,3,0.5,0.5,0,0,0.3,4.3,0
1,2019-05-01 00:37:45,2019-05-01 00:37:49,1,1.50,1,N,145,145,2,2.5,0.5,0.5,0,0,0.3,3.8,0
1,2019-05-01 00:44:57,2019-05-01 00:50:11,1,.70,1,N,161,161,2,5,3,0.5,0,0,0.3,8.8,2.5
1,2019-06-01 00:55:13,2019-06-01 00:56:17,1,.00,1,N,145,145,2,3,0.5,0.5,0,0,0.3,4.3,0
1,2019-06-01 00:06:31,2019-06-01 00:06:52,1,.00,1,N,262,263,2,2.5,3,0.5,0,0,0.3,6.3,2.5
1,2019-06-01 00:17:05,2019-06-01 00:36:38,1,4.40,1,N,74,7,2,17.5,0.5,0.5,0,0,0.3,18.8,0
1,2019-06-01 00:59:02,2019-06-01 00:59:12,0,.80,1,N,145,145,2,2.5,1,0.5,0,0,0.3,4.3,0
2,2019-07-01 00:51:04,2019-07-01 00:51:33,1,.00,1,N,193,193,1,2.5,0.5,0.5,1.14,0,0.3,4.94,0
2,2019-07-01 00:46:04,2019-07-01 01:05:46,1,4.16,1,N,234,25,2,16.5,0.5,0.5,0,0,0.3,20.3,2.5
1,2019-07-01 00:25:09,2019-07-01 01:00:56,1,18.80,2,N,132,42,1,52,0,0.5,11.75,6.12,0.3,70.67,0
2,2019-07-01 00:33:32,2019-07-01 01:15:27,1,18.46,2,N,132,142,1,52,0,0.5,11.06,0,0.3,66.36,2.5
1,2019-08-01 00:09:46,2019-08-01 00:10:36,1,.00,1,N,145,145,2,2.5,0.5,0.5,0,0,0.3,3.8,0
1,2019-08-01 00:30:47,2019-08-01 00:31:39,1,.00,1,N,145,145,2,2.5,0.5,0.5,0,0,0.3,3.8,0
1,2019-08-01 00:44:50,2019-08-01 00:46:32,1,7.10,1,N,145,145,2,3,0.5,0.5,0,0,0.3,4.3,0
1,2019-08-01 00:57:16,2019-08-01 00:58:20,1,.00,1,N,145,145,2,3,0.5,0.5,0,0,0.3,4.3,0
1,2019-09-01 00:06:48,2019-09-01 00:25:46,1,2.00,1,N,186,161,2,13,3,0.5,0,0,0.3,16.8,2.5
1,2019-09-01 00:29:17,2019-09-01 00:57:54,1,5.50,1,N,161,256,2,22.5,3,0.5,0,0,0.3,26.3,2.5
1,2019-09-01 00:41:32,2019-09-01 00:41:36,1,2.90,1,N,145,145,2,2.5,0.5,0.5,0,0,0.3,3.8,0
1,2019-09-01 00:59:11,2019-09-01 00:59:15,1,.00,1,N,145,145,2,2.5,0.5,0.5,0,0,0.3,3.8,0
1,2019-10-01 00:19:55,2019-10-01 00:23:57,1,.40,1,N,48,163,2,4.5,3,0.5,0,0,0.3,8.3,2.5
1,2019-10-01 00:40:19,2019-10-01 00:55:17,2,4.30,1,N,144,141,1,14.5,3,0.5,2,0,0.3,20.3,2.5
1,2019-10-01 00:06:52,2019-10-01 00:21:23,1,5.00,1,N,137,80,1,17,3,0.5,5.2,0,0.3,26,2.5
2,2019-10-01 00:36:08,2019-10-01 00:36:15,1,.00,1,N,25,25,4,-2.5,-0.5,-0.5,0,0,-0.3,-3.8,0
1,2019-11-01 00:30:41,2019-11-01 00:32:25,1,.00,1,N,145,145,2,3,0.5,0.5,0,0,0.3,4.3,0
1,2019-11-01 00:34:01,2019-11-01 00:34:09,1,.00,1,N,145,145,2,2.5,0.5,0.5,0,0,0.3,3.8,0
2,2019-11-01 00:41:59,2019-11-01 00:42:23,1,.00,1,N,193,193,1,2.5,0.5,0.5,0.95,0,0.3,4.75,0
2,2019-11-01 00:02:39,2019-11-01 00:02:51,1,.00,1,N,193,193,1,2.5,0.5,0.5,0.95,0,0.3,4.75,0
1,2019-12-01 00:26:58,2019-12-01 00:41:45,1,4.20,1,N,142,116,2,14.5,3,0.5,0,0,0.3,18.3,2.5
1,2019-12-01 00:12:08,2019-12-01 00:12:14,1,.00,1,N,145,145,2,2.5,0.5,0.5,0,0,0.3,3.8,0
1,2019-12-01 00:25:53,2019-12-01 00:26:04,1,.00,1,N,145,145,2,2.5,0.5,0.5,0,0,0.3,3.8,0
1,2019-12-01 00:12:03,2019-12-01 00:33:19,2,9.40,1,N,138,25,1,28.5,0.5,0.5,10,0,0.3,39.8,0
1,2020-01-01 00:28:15,2020-01-01 00:33:03,1,1.20,1,N,238,239,1,6,3,0.5,1.47,0,0.3,11.27,2.5
1,2020-01-01 00:35:39,2020-01-01 00:43:04,1,1.20,1,N,239,238,1,7,3,0.5,1.5,0,0.3,12.3,2.5
1,2020-01-01 00:47:41,2020-01-01 00:53:52,1,.60,1,N,238,238,1,6,3,0.5,1,0,0.3,10.8,2.5
1,2020-01-01 00:55:23,2020-01-01 01:00:14,1,.80,1,N,238,151,1,5.5,0.5,0.5,1.36,0,0.3,8.16,0
1,2020-02-01 00:17:35,2020-02-01 00:30:32,1,2.60,1,N,145,7,1,11,0.5,0.5,2.45,0,0.3,14.75,0
1,2020-02-01 00:32:47,2020-02-01 01:05:36,1,4.80,1,N,45,61,1,21.5,3,0.5,6.3,0,0.3,31.6,2.5
1,2020-02-01 00:31:44,2020-02-01 00:43:28,1,3.20,1,N,186,140,1,11,3,0.5,1,0,0.3,15.8,2.5
2,2020-02-01 00:07:35,2020-02-01 00:31:39,1,4.38,1,N,144,140,1,18,0.5,0.5,3,0,0.3,24.8,2.5
1,2020-03-01 00:31:13,2020-03-01 01:01:42,1,4.70,1,N,88,255,1,22,3,0.5,2,0,0.3,27.8,2.5
2,2020-03-01 00:08:22,2020-03-01 00:08:49,1,.00,1,N,193,193,2,2.5,0.5,0.5,0,0,0.3,3.8,0
1,2020-03-01 00:52:18,2020-03-01 00:59:16,1,1.10,1,N,246,90,1,6,3,0.5,1.95,0,0.3,11.75,2.5
2,2020-03-01 00:47:53,2020-03-01 00:50:57,2,.87,1,N,151,238,1,5,0.5,0.5,1.76,0,0.3,10.56,2.5
1,2020-04-01 00:41:22,2020-04-01 01:01:53,1,1.20,1,N,41,24,2,5.5,0.5,0.5,0,0,0.3,6.8,0
1,2020-04-01 00:56:00,2020-04-01 01:09:25,1,3.40,1,N,95,197,1,12.5,0.5,0.5,2.75,0,0.3,16.55,0
1,2020-04-01 00:00:26,2020-04-01 00:09:25,1,2.80,1,N,237,137,1,10,3,0.5,1,0,0.3,14.8,2.5
1,2020-04-01 00:24:38,2020-04-01 00:34:38,0,2.60,1,N,68,142,1,10,3,0.5,1,0,0.3,14.8,2.5
1,2020-05-01 00:02:28,2020-05-01 00:18:07,1,.00,1,N,234,256,1,12.2,3,0.5,2.4,0,0.3,18.4,2.5
1,2020-05-01 00:23:21,2020-05-01 00:26:01,2,.40,1,N,264,264,1,4,0.5,0.5,0.5,0,0.3,5.8,0
1,2020-05-01 00:54:58,2020-05-01 00:57:11,1,.30,1,N,264,264,2,3.5,0.5,0.5,0,0,0.3,4.8,0
1,2020-05-01 00:07:10,2020-05-01 00:12:46,1,1.70,1,N,107,229,2,7,3,0.5,0,0,0.3,10.8,2.5
1,2020-06-01 00:31:23,2020-06-01 00:49:58,1,3.60,1,N,140,68,1,15.5,3,0.5,4,0,0.3,23.3,2.5
1,2020-06-01 00:42:50,2020-06-01 01:04:33,1,5.60,1,N,79,226,1,19.5,3,0.5,2,0,0.3,25.3,2.5
1,2020-06-01 00:39:51,2020-06-01 00:49:09,1,2.30,1,N,238,116,2,10,0.5,0.5,0,0,0.3,11.3,0
1,2020-06-01 00:56:13,2020-06-01 01:11:38,1,5.30,1,N,141,116,2,17.5,3,0.5,0,0,0.3,21.3,2.5
1,2020-07-01 00:25:32,2020-07-01 00:33:39,1,1.50,1,N,238,75,2,8,0.5,0.5,0,0,0.3,9.3,0
1,2020-07-01 00:03:19,2020-07-01 00:25:43,1,9.50,1,N,138,216,1,26.5,0.5,0.5,0,0,0.3,27.8,0
2,2020-07-01 00:15:11,2020-07-01 00:29:24,1,5.85,1,N,230,88,2,18.5,0.5,0.5,0,0,0.3,22.3,2.5
2,2020-07-01 00:30:49,2020-07-01 00:38:26,1,1.90,1,N,88,232,1,8,0.5,0.5,2.36,0,0.3,14.16,2.5
1,2020-08-01 00:02:53,2020-08-01 00:28:54,1,13.20,1,N,237,16,2,36.5,3,0.5,0,0,0.3,40.3,2.5
2,2020-08-01 00:08:11,2020-08-01 00:16:28,1,2.83,1,N,146,137,1,10.5,0.5,0.5,1.5,0,0.3,15.8,2.5
2,2020-08-01 00:22:14,2020-08-01 00:22:20,1,.00,1,N,264,264,2,2.5,0.5,0.5,0,0,0.3,3.8,0
2,2020-08-01 00:31:35,2020-08-01 00:36:54,1,2.34,1,N,79,141,1,8,0.5,0.5,2.36,0,0.3,14.16,2.5
2,2020-09-01 00:38:58,2020-09-01 01:08:12,1,10.76,1,N,132,62,1,32.5,0.5,0.5,4.4,0,0.3,38.2,0
2,2020-09-01 00:55:26,2020-09-01 01:15:34,1,6.37,1,N,48,129,1,20.5,0.5,0.5,3,0,0.3,27.3,2.5
2,2020-09-01 00:00:40,2020-09-01 00:10:25,5,2.32,1,N,102,37,1,9.5,0.5,0.5,4,0,0.3,14.8,0
2,2020-09-01 00:26:01,2020-09-01 00:35:50,1,1.82,1,Y,137,246,1,8.5,0.5,0.5,3.08,0,0.3,15.38,2.5
1,2020-10-01 00:09:08,2020-10-01 00:11:05,1,.00,1,N,145,145,2,3,0.5,0.5,0,0,0.3,4.3,0
1,2020-10-01 00:09:19,2020-10-01 00:19:46,1,2.00,1,Y,238,143,2,9.5,3,0.5,0,0,0.3,13.3,2.5
1,2020-10-01 00:30:00,2020-10-01 00:39:05,1,2.10,1,N,264,230,1,9,3,0.5,2.56,0,0.3,15.36,2.5
2,2020-10-01 00:56:46,2020-10-01 00:57:10,1,.00,1,N,264,152,3,-2.5,-0.5,-0.5,0,0,-0.3,-3.8,0
1,2020-11-01 00:37:37,2020-11-01 00:51:45,1,1.80,1,N,246,137,1,10,3,0.5,4.1,0,0.3,17.9,2.5
1,2020-11-01 00:17:41,2020-11-01 00:32:22,2,2.80,1,Y,229,4,2,11.5,3,0.5,0,0,0.3,15.3,2.5
1,2020-11-01 00:42:29,2020-11-01 01:09:08,2,8.10,1,N,144,83,1,27,3,0.5,2,0,0.3,32.8,2.5
2,2020-11-01 00:28:59,2020-11-02 00:00:00,1,6.38,1,N,132,205,2,22,0.5,0.5,0,0,0.3,23.3,0
1,2020-12-01 00:07:13,2020-12-01 00:18:12,1,7.60,1,N,138,263,1,21.5,3,0.5,2.5,6.12,0.3,33.92,2.5
1,2020-12-01 00:41:19,2020-12-01 00:49:45,1,1.60,1,N,140,263,1,8,3,0.5,2.95,0,0.3,14.75,2.5
2,2020-12-01 00:33:40,2020-12-01 01:00:35,1,16.74,2,N,132,164,1,52,0,0.5,2.5,6.12,0.3,63.92,2.5
2,2020-12-01 00:02:15,2020-12-01 00:13:09,1,4.16,1,N,238,48,1,14,0.5,0.5,1,0,0.3,18.8,2.5
